E:\Studies\TEZ\MalConv-keras-master\MalConv-keras-master\src\samp\069dfe810372f8c04092b696439515c8e0ffa055f05f597235043adedda984ae, 0
E:\Studies\TEZ\MalConv-keras-master\MalConv-keras-master\src\samp\77cb9d63b97903cf3be8c357eb4e3be7762168b14f0111a03cda94a3289f832e, 0
E:\Studies\TEZ\MalConv-keras-master\MalConv-keras-master\src\samp\239cd4af99b8195f5b052534511a466534abcef35c46dcd9b375ae9c6e214cfe, 0
E:\Studies\TEZ\MalConv-keras-master\MalConv-keras-master\src\samp\revosetup.exe, 1
0036d720d8ff6c8f4860b5c69deba7c400e4d356.exe,0
0037c7716f1dc8e5c4e1f9a9f3e9d5aedb7a6979.exe,0
00a0437aa0555680f83bbb6072e0b79ea95bd25d.exe,0
00b6b7e3b923861ef8c257aa3803a239ce4d6154.exe,0
00b84eda68d82edf2245a7eb5b656f8e888507fc.exe,0
00c84e2f48826dac8306e5d72ae049aa37bb78bb.exe,0
00cc2a1aaf7e5cb1ccbf4791a87964ac1e250eea.exe,0
00d00a5c5338e5cae76e8cd1d32556953fd74396.exe,0
00dbb16e252efde93b4825be9d75cacbd2889290.exe,0
00e1b5fbe988040bc1d8d730a6409b191c9d44d3.exe,0
00e71103640973661c8ed632beba4af89ff0a3de.exe,0
00ea896f9b7a9732c299e47ab320b8e486a41fa2.exe,0
00eef206ff2380e704dfb958cd35260453d3fe65.exe,0
00f3378ae795e2003ebfc542c6839b7436cc7e91.exe,0
01320fd210c212ca6b9025bef39fc22e4e5d8d38.exe,0
017c0201fc3998f6d57afe5978f2731d411d7678.exe,0
01d658338dcf095313db0233f6e38d813a3d9d57.exe,0
01dec66bfd73185c2e59a606a8ae0d89be21838f.exe,0
01e421bfa8cd906e742dfd0bc27bf256ecac48e6.exe,0
01e78c4478a153608f2f4f6a078fe2ae8ec21758.exe,0
01f378a4991c15b7e9322c332521f955b07ddd47.exe,0
040b877afa88d72fb54139c53d81386e1d4d29d4.exe,0
042df1010f2dbc4a3dc5e52a23a45fc57776d589.exe,0
043828a5201ac90eac5892814235ad90663abfd9.exe,0
044ac8f0aace6e782eb7e485eb360dfc74cd1d9d.exe,0
044fcb21e2fc9afa19ce801c2302bedaf5fc0d47.exe,0
047a60dcef5852399998580a57fec8095169794a.exe,0
050dd72d2bd8d7fed4628f392e4bad8b3c3c41f9.exe,0
056cbb42e445738ec6f89422f9de7606d23f8a03.exe,0
062c02fc6750b375289b40fac0ef955429c2a7bb.exe,0
0719bd8906bb80a9b655aa5a1180944ada21ab08.exe,0
0765de05565a1200e84cbfc4e93a665f73cd0b3a.exe,0
08863bba7273ba3b56f8d86037fc945f1c3d5e9f.exe,0
0979a293775ec5d0d80100292a0fb2904ff1e9b6.exe,0
09842fd7070b315f0354abae5268b894299bd7f2.exe,0
09ad9c3f345b8a5d0a64e623e3baa6654eb54838.exe,0
0a0e9201a1a934e4ccc61a199698c34bfea35dfe.exe,0
0a1b83fb3b4a410394e49556f725897f313e18d4.exe,0
0a22e4623135b517f056150d0e44862935c3051c.exe,0
0a29e05f092debc7f4a94e74181c24e684b21f8e.exe,0
0a2a3f80dadb20364739d472263bed117fa0a241.exe,0
0a2c072d42b25e7110393d7f95bd63b0c5482722.exe,0
0a2ea63ba24a5f6a6b662028d2190e2986ca2670.exe,0
0a4749e59d348538b1f3c824d4831fb07a12a2c7.exe,0
0a4da66b67ee14db74aa982fb86d495ecb1ad229.exe,0
0a4dc90779f809c2066162079c33a1b1f54c9e7e.exe,0
0a5fb765fe69f84dd968a3fe40924c41b92ab079.exe,0
0a7bfb6633cedd55d91854ffb3dee1175c85fdbb.exe,0
0a7f1fdb1aa4746fb601d9377c2a1cc2a20158fc.exe,0
0a833f187d6d11bb5ecc74753f81dc535a7dce59.exe,0
0a8ce22a1a265a82621478ae129a57118a943689.exe,0
0a8e52730a6b296884c4bf5a391c41d8f3b5f5b0.exe,0
0a8fc8c792c20c4855ed555207a408630d1bdbab.exe,0
0a9f3a469f882aac5a929333afaff7d8e87f4af5.exe,0
0aa09369e7bf1a04a05f66c2a29ed11394514de7.exe,0
0aa50e6122a1061b34475cd22180fa617edcde75.exe,0
0aa5a32039d465ddb1a4133dfe7fd2905701512a.exe,0
0aa99a202362d74cd4fdbf5438ca6fc6da5d0262.exe,0
0aad95485aae806bbebbad6d6fc8a57530e84be2.exe,0
0aae1fe8d08ba63d3984cdecabfd3ba1d07dd2ad.exe,0
0aae5a9d708e258e1ecda311b69819155c76c583.exe,0
0abeb01b7c09f8f5d6099c8e7ac5986a1836430a.exe,0
0acd0f651d4cd16db6b7f09c8c408992405f7839.exe,0
0ad05852378faf56c958be86dbb5613ab5981c0e.exe,0
0ad86c27ba8373b24d9093450265b77a29c9fc30.exe,0
0ae3eeea5945adab618f7c2511de64f5e7a622d0.exe,0
0af9b5f9b251535e6e280fec95836fb4562e4960.exe,0
0b06f4bb07c64b11a23b2c0b4346e1c3b8b18a3d.exe,0
0b1898566da31306c5196abf5b2705ea86c61da4.exe,0
0b280a4ea6c9c15543202f00d4fb0b60e17aadf3.exe,0
0b37dc878736887a70276ebb06d82cddfd47e573.exe,0
0b3b264990b282775412dd395f4939f85b77c19c.exe,0
0b3c3ff5d0f3722f7d545d67292e789d6deb1453.exe,0
0b419d8fd457c89eae2acbb5f35a19dc6858f48e.exe,0
0b467db3570d5ad12df539d7537f7c517eebc99f.exe,0
0b5c16d43e3da71406b3b0fa90efd62abde61945.exe,0
0b5f6fe05264465ac2418ad799652e2b36ac1027.exe,0
0b66be4446e15b7143f74236543981bf3b73636a.exe,0
0b738a6d030d801133133938c83e3a4518cb0f04.exe,0
0b79f5d2fd3ddbb89f2204fc98fac5a7516ee45b.exe,0
0b7de7496b21810a6e59abb2bc80c60a3d8714e9.exe,0
0b7fbbabefc9cf90ff722193ea0a266632757141.exe,0
0b897cd19bdf80b21012ccdd05cea8d5fffbe989.exe,0
0ba50da03cc11ec586770dfc4fb8ade9bdb966a1.exe,0
0bb6a6c43e3477810b576f3e5b0ee3f710093665.exe,0
0bbcbf194815fbe31139f7e81bd22879585e78a3.exe,0
0bc306d14fc9448e9832563e4885f6901a4d9782.exe,0
0bc767d028acd7dc332f2893ec04f3ecd61b9756.exe,0
0bc9fd762be52e557d64339194a442b9e3b5e84d.exe,0
0bca2ef90521088d18a2a744a52ed0c0e4926385.exe,0
0bcd5a00cd28d43d348d85b94a70c586b7d812ce.exe,0
0bd4e12cc978a35009e66e71f3d9223526dda28f.exe,0
0be4b87dee8b8e13ef681287e1005f6c9d24176b.exe,0
0bed5a1739af56f7b4217f7a1d848e5973b22d0c.exe,0
0c168e2a8a337de7e8a07ff50aa6909c3071424b.exe,0
0c1ca57538b0567832376d873d832d2b87525ac5.exe,0
0c2df9032af6642135cdfd46cf06413dffeb1675.exe,0
0c3717b7dadd9dd11d3f09907642966760844081.exe,0
0c3fbf08dc27b5e7618e63789894dd0a12e8bb19.exe,0
0c54140cfbeb0eb5b45dccba0e0a5dedf260a3ba.exe,0
0c594335cb0cf1784da05d695bb292444df23c94.exe,0
0c71676a4263bc539832815a48976356da4b851e.exe,0
0c7442e07a2ad26a8b0ef75e86c951cf6e43db77.exe,0
0c79ee7a94c507c1c7fde4e02dd274628cae6523.exe,0
0c83db8e22b28e94b4827c30642a6671819bc6b7.exe,0
0c855bcfc0f2c7c176e9892f1e7d3c00ffee5217.exe,0
0c895ad9a04b6c089c67eff9c054c34e0e76d8d1.exe,0
0c94aeee3f1f8e2da24f14ce1b8089c548c44191.exe,0
0c98271df81cb611df5877f7b85525b9580fecef.exe,0
0c99f2a086bdaa72634753d1cd5ac1c1d31e7dea.exe,0
0c9c53c31bdbea28dbef33257b73c9b291a01253.exe,0
0c9e5a69dbbeeb1f11ab14b47e06cfeaaea9b542.exe,0
0cc86c8e870e647e33046ade1060d4c495257b34.exe,0
0cd44bd07c0e0af0643217f8ca0e15ad4efed526.exe,0
0cedd1d3ac077912f8a7b286aa667f29996e7a6c.exe,0
0cf024bd2e9f5ac3a73ef9511042f8c1d16e743a.exe,0
0cf29d90c49e85b5a9d92085e8a8cfdd9dd28493.exe,0
0cf81ab9ae265b1730931a8731239796273efffc.exe,0
0cf8b9802a1414036bdeaf6ca3b8a56c3e6c49a8.exe,0
0d23b397aea26dd2579aff9ca0d09582f0c6537f.exe,0
0d2bf6be3059b2789525f7fac78b0ab0ddbf093f.exe,0
0d306d0bdf3f1c2b256a4492f2845e2982af9b79.exe,0
0d424ab66081e9562b4a1136d5fc1de7f6b27a90.exe,0
0d45788f410ac54790e3c6a89b2a1f3788750c8b.exe,0
0d47296e7d5414795443d47b21d1c924fd771ae5.exe,0
0d4ba12f43b9bfa8719e02584a16ee4eb2c79ace.exe,0
0d6929f5a9f920f11cd9525f16e024741b8c2d91.exe,0
0d6b9d7dcdac6d2bff06afe18d45b7e998b85e9c.exe,0
0d6ee3c0793f5908e5ae7c1dab4e5e4952268624.exe,0
0d766eb9c937abe8a0785fcacb0dbf64159a85d0.exe,0
0d769b651597aece39f26e5e5dd855aac6afa4c5.exe,0
0d792a08cfbcf5cc47f20d77aed99aa7fa42742e.exe,0
0d7ba7d5c19af48ffc10730e63026ebf3fca15e7.exe,0
0d7e1d50fdf671ca1b20faf807ee18ceb8564fa4.exe,0
0d86e2cea3c508316dc1f9b20217e82a66df7b9f.exe,0
0d9b0720bc9b0d6a6b7f1f46945f25f7c1c445b7.exe,0
0da5dae49c99aa73e2b9235d36489f18f507db67.exe,0
0db63e3642f31f050663f9002782d91d21990763.exe,0
0db80eb5f1fb7f1f9946127791938be8c13ddaec.exe,0
0dbc8cf1536245e5b6ab656f936eb5ac11813afa.exe,0
0dbfb023cad6fdd3eccd92d9afa62a686c554884.exe,0
0dc8d2c7a0c3af95c564bfd0d35de6715c47e77b.exe,0
0dcffe298a17a06bfe733a72af8a466fe6f775e1.exe,0
0dd4b8caa016a636add29f9e114fe031723d00a6.exe,0
0dd67a7c730831afe373806cd63722258f2e539c.exe,0
0dea7a194a5ac4283cc3e6183b7fce7fd0353e18.exe,0
0deb75ed726db1f5c5f11fcb893c858c818d66fb.exe,0
0df2bb9d49a33f7c0826bfde7df1d30b35bb0496.exe,0
0e05b4f21c489493576a84d37af7d723474bfa8c.exe,0
0e0c1556c7b5beae2d7b9f145e4d9682d48cc523.exe,0
0e0fd8cdf8c71aeb570331a6165560dea2d0c7bd.exe,0
0e1b162bff5f8ae68fa55ed69fad50807850576f.exe,0
0e1ecca2f2f76126d4cb02cfdd287cdceb1068e4.exe,0
0e22e146925d5cf203ed833ad7fcdf507805dccc.exe,0
0e26d850ab6d953e996c06a7bbfd5d6d1b180ed8.exe,0
0e2c74226fb428eb23c49ac571f1142b2bb3e1df.exe,0
0e2fae11a6538cc040486e8daeb486456a3498a7.exe,0
0e31f265a97e52b780554d72fbbb294f076bc766.exe,0
0e38408f0a764609519aa1d402a6c8f51b6da066.exe,0
0e38f2a9b3fa2ac2958e1819edc9c220bfb4200a.exe,0
0e43b974da92f6c4f23e4366ed2a520725ee7c40.exe,0
0e508ba4704957b5a8056a91792f5b44b920c190.exe,0
0e619940d44787eabd46e50343e7dc58a372a46a.exe,0
0e6543b56f019ca32cb1384dde8c97f33ac9a6b7.exe,0
0e6ab872e0eba6f146c44f145e2b7d20ee1b6ee8.exe,0
0e75e9fc16d999a1f47dff55edf97216f2bb05c5.exe,0
0e7bd85e68ff5b6704490743be65b8766e4db9bf.exe,0
0e9756e98c43db6621ff1f4e5a0be58daa5e01fe.exe,0
0e9b7236c5686e9e130e528dbdd3244a133e80e8.exe,0
0ead06daea36a95c6ca6d6b83b2bbc14041c5e4a.exe,0
0ecd7ee64810f9eff0dceec3c83539b1168661b4.exe,0
0ecfaadff778e3d285694c184e8525ee2b9dade7.exe,0
0edab6da6903b5a6e1d35ed912953e417fd7f555.exe,0
0f2a6e51d6f1e20d8fe5b3c503cae01aece867ba.exe,0
0f4931dc7a3dbc508486702c422da586d92f8950.exe,0
0f4ee2e859555297137ed0ba7c7b1b08574f0bb2.exe,0
0f4f4347de54cc16f036cf561c67ac7595d046b6.exe,0
0f745bc574305b665af2ddd30bb3a6bd376e9be8.exe,0
0f9e639cf5cf210a5b1fdb7b3ba6bf67ad52c19a.exe,0
0fa3d27aa0c3f4331d010fed1525e991ffa51247.exe,0
0fae09599b7035a30a9812cc855ebfbed88bf1a4.exe,0
0fd4aa4a2ef69dc065749074b6fd023e4393b5ec.exe,0
0fe7a543f9837e3f44a98c9a00b711429ce128e0.exe,0
1092a0b24176f7cfdb1a3b2e7b5da1624c382435.exe,0
10e2ce70f804934c202cb4d1a39915e6e1c9c3fe.exe,0
11e5b8813a0e032f201b9272039d6e56a4437948.exe,0
1234f10f7afaeef29eeda79fe2940e9cdbff9e50.exe,0
12533b3b1470cf735e24dfeada59c066e31f7446.exe,0
13567acdbc939fb9d1ee19324f0d6fd340e7d55e.exe,0
13e05772c5615a3cdc55db9b11da641ff72a5318.exe,0
1416fb040a92439010d33270b65a7b23e82d3064.exe,0
1437d14c6a29809fa5e42d299d632a66c958b1e4.exe,0
14c7223a4131c0665b263a60d799fb8a9c475fcc.exe,0
14ebf111bf9d84c8e070a3da97c7c110bdcd5294.exe,0
1528b824b658c1575cfff7656c909d65d3ae20fd.exe,0
17d634b934aacfbf710847add034a9cfd0ca5f28.exe,0
18aa7391f1da89761616feafcaff7aa4793e6302.exe,0
19e8a46b746e41a4a2ae6e73487b1a6386aae03b.exe,0
1a0d5dbc3bf896e9d7c0a647f3e08a5409c0b579.exe,0
1a389dea0f31c05d9e4b5705bcb54b1b691db71c.exe,0
1a4efc63dd126b66f1cc3d62c3a023e3656a32b3.exe,0
1a72d69d2a734e98afb2a3f92cb2c3dce87ec15c.exe,0
1a783a68cc29bd1d27e0b7c11f68a00cbf84d681.exe,0
1a7cbce5f633df920a04e60098656e373fad0aac.exe,0
1aae7b2b4ad07fff323bf8a9e6ebc79f88a5a30c.exe,0
1ab92b3f25c3c71a10ea4b8ff6ed0b43782f9981.exe,0
1b7ee2ce0a5e27be1127669df098e31c1d5cb6cd.exe,0
1b8491bb09608350eaf756ceed9b1b871a797b8c.exe,0
1bbc0741c89788e46f6ce99bc918fb188100b4c5.exe,0
1bd7a29ee9e73408593e23ede8733064b6835249.exe,0
1bf947808d6c56b6c0f96f0d1747476660cb8e16.exe,0
1c1a24ec88d04893a0818afb9002fe972b9a02c2.exe,0
1cbf9e5ad3d43ccdd9c0905c4408ce4a7b2ad317.exe,0
1cc4ce78ad2ed4a0d74fabf5e7a69d62934d58ac.exe,0
1ccb08f2303e0ba658bdb8e0e8331c49ad0d66b9.exe,0
1d13a6089839e9d494fab15d7c191019fe3601fd.exe,0
1d2abc4f0864bbc93abad4075cd6d63fdc711e50.exe,0
1d2deb46f71b4899ae65f4343fa7ed1d1a2b8e28.exe,0
1d587e4311f18663f29173db39ea33b2f6e5cca2.exe,0
1d85e1218afd8fdb4911435ed43ea104de0b50bd.exe,0
1dd4634da2a05c2862c4c18cf55dcd0abd8af4c7.exe,0
1df801b1310f093ff1c8caf2cb731baf9f797907.exe,0
1e48f5b5ca9ef25e23a9e50f518db6fb31a8a59b.exe,0
1e686a6de72bf7ae593b684acd4e61437ff4471c.exe,0
1e7f2c177a1f8767cb7eaa5f9352ae7a6064a64b.exe,0
1e8e7fca7ddad0f5314db95b3bd46fc6a4d78344.exe,0
1e9122f3715ec68896dc1a9b649dad8d36aa2ca9.exe,0
1e9925bb79e5443a53b1b97ea6291bf7b58c03a6.exe,0
1ecae132ceca27b3e7af1fe0f7d9ef6d1c1aafe8.exe,0
1ee856df7116bccfe06dd60873aa36534c70d7ca.exe,0
1f198a8a58bb5d4f139709408b723659f0e43cce.exe,0
1f2e9bc4b4477dbe9e9a4dc7cca4c163897fe895.exe,0
1f562d0e2090edbcabcd588e8d04412c861342d9.exe,0
1f9d08cf16bad702fcf3c5e50d0b73de8757add2.exe,0
1f9e555ea3447c9f7afc4173fc03406c0eb6bb58.exe,0
1fbab6b4566a2465a8668bbfed21c0bfaa2c2eed.exe,0
2021b942d5f5c4115ef3e6bf9834aa5a7c9ccc71.exe,0
20840f20a258d5e626bb3146e2452bf40b8885b5.exe,0
20a87a646fce4dab14e26704c5422545f53a9cf5.exe,0
21b08e8cde238dffe3fe7ef4759520f17dd19f87.exe,0
22b84725c3f853d52f85675923c9098fd352acb0.exe,0
24afb1402fc1e8bb96254b25ccc6e562f81157bd.exe,0
24d74f3bff52b8a0f80ccc9dd9c784e25edd5f8e.exe,0
25c372c3665f1f74e4d5dc30cccb4b682f49ccc8.exe,0
2692a76a94d165cf9413d517908df7a4454cc565.exe,0
26cfccbfa6cd6b9cc68a010a5195990b8919bffb.exe,0
27705ebe4fd0f28e2a8a9fa869018be73f16fc65.exe,0
27fb7a953ca812f1ae1bef2fcada2a7ea0e95e52.exe,0
28accaa59e46500f746b9e12d68fd76b425974b6.exe,0
28e8518da7aa9943b852bc12089625dc1394514e.exe,0
29af99dece5c37437bedde147c91e3c9c0b6c0e6.exe,0
29bb2a49a080ef7c8e66a7e28df586c49b37b0e3.exe,0
29ce972f6c8ba6d09e7589fb8abd31a6d65fe58b.exe,0
3073e77084f042a3cc39b87a69e30ba64e51fb74.exe,0
30e6992e086aa9dc3568eee59f5c919a04f2cab2.exe,0
31344ac32657b3f60293f8680c7db619461e7a23.exe,0
31460db88ebb1f086c9b53f8a6d20e8658f210be.exe,0
31acfe18e98c3c5aefea2621ab99f4698fc54b6b.exe,0
32ebe1fa6f9d4ba73179c11fe2395ec36b7cc6a8.exe,0
32f6bcda744bfdc03130537ceabf16365d6bce16.exe,0
33de3e2752641dfae582fc1821d89a58cab42455.exe,0
3459bde32011ff41b988707f2b812d8b9308f82f.exe,0
34b857b8e85bda3715c074a8b1c1d73d564e39cc.exe,0
34bb2d002459d1d42d727c0da93e05e07a59b353.exe,0
34e458f8c2e8383892ad2f68f242cf3cb048a18b.exe,0
34e5f8344fee67c4a84173a78096f7b6a31b8968.exe,0
34e8ec43515b1a7b76c4e9abe641a30714648056.exe,0
34eae53bf6937beba1617736ebe95a0ac01fc985.exe,0
34f71f40cd4f74326fdfb73ecb19dc3c63497c0f.exe,0
35443b753af6da3c13a58c3c2e83295d7a261e03.exe,0
3557b193b0893ad1883fefc0bef562e3d36a9f3a.exe,0
3561e8082691450953fb4e1c73123bbe347dd454.exe,0
3587d80bb632e632b6488b78a94ee0f07737c5d5.exe,0
35c36d7f56d12ff6e1c98d7131ea66e1f1f6f80d.exe,0
35c6ef23a13c9e5a751dc2933d5fc9e0eff69870.exe,0
35d45aecc24e01aca91c2ae8bc1b19c2091202f6.exe,0
35d4dcd351c05216200a32d84a3ea3b3b436320a.exe,0
3615fc394a4c3b36e9f6a8fe61a7fc2830b809aa.exe,0
36590ace565fb31b2a5ea5f0c660a91613174cf2.exe,0
36a1c3f372d6cac7d3e8604b9be5eb1cacfee2b7.exe,0
36a8fc944063001d43e173517ae18261dd08ada6.exe,0
36aec844da9bee2982afcd05d9acb066c179e73f.exe,0
36b1a801795679220d801d46b79005b12e32e157.exe,0
36be5115cce98275ead436612edce0199604723d.exe,0
36bef04c495490ee30bf496ef9de3b7c12b75005.exe,0
36c5daa266feff67c67bed5dd3b7dfb8e21e0055.exe,0
36ce88d1f00d07b02719b3ef327ae405776a726c.exe,0
36f2264f547d6fc248c7a7c3fd6ad04f5b7b3117.exe,0
36fa7c824aec2e8965e1414280229833b8c9a6b1.exe,0
36ff450629b57bc29d240ac87efc01db37e48d99.exe,0
36ff617218bfe2e7ff11e95e25fd8e885d759cd7.exe,0
3735b7396df6d11899b542389389fc4ee9929e4b.exe,0
3790eba6c3f419a55658ab762bcf490d56002aad.exe,0
37a7a14f59e1cffcbe9e320a58de7820f793efc8.exe,0
37a9854451014913146538e69150ca9f1908422c.exe,0
37dfa1a2cbb4845cab9665ead9f0faecf4b06cc4.exe,0
37e36780ca27a44a9accb9474c513c5794107ce1.exe,0
38a867f9a159c4f719e750e9c7240b8891158899.exe,0
38b263bbfcbe3f1e9f9241c2da9e908d29538cfa.exe,0
38b360be0b8bf6f969b247c91f45e60ff2995f38.exe,0
38b93de3a4407dcb5d9c86135b5de69c60f7d3ca.exe,0
38bad9b6f3568f7fd6b75f5efb8122a04d0ada2f.exe,0
38c852d10e17873f9e79ae9e547ff20c89eab660.exe,0
38cef8328c07192b88dfd3bec0987ecf598c780c.exe,0
38dab4ef30e22f8dcc51edd05f0ae218719453ec.exe,0
38eddccbf555650a695f8e0da0682519f74a30f7.exe,0
39a4ee9df4b1c6e4b92b2307019d9ad8666b0ec5.exe,0
39aa0d89c62c31f3852a6692c837737d982fefe8.exe,0
39b4263a385bb07e77c07651b940d7278a5c5e4c.exe,0
39c60b5e02c954d8bdb0e34072f428482e3e779c.exe,0
39c8f3168fd89ba566d4e94bd338d82469ea8e18.exe,0
39cd678aa5aff5f75f2a03b9c4b079c158e5b3f6.exe,0
39ce34aff24a364d425cffc3720ea84651f51b00.exe,0
39cf4daa8a40c7b3b8c1049575e0462e9f94d0f6.exe,0
39e42269de401e243e780e2516e5e3ad9ddc696b.exe,0
39fda37875ec7956a3873545209cf4a8e1be1636.exe,0
40074e956ae1df8a6b3b4be6be2c3681a11d186c.exe,0
4008e327a0f6a954bb347c90c448702b5270ed9b.exe,0
4031a6641bab94324d4f2b8fc5973b380e4f8fb1.exe,0
40a6c470ffceff02060fb2b648ded3306dd4feef.exe,0
40d8c8516d16b389d555970007ae16e2bb6b751f.exe,0
40e8d7508d6f09fe5fb59912590764d47248895f.exe,0
40ead03d37fd2923b706668223c1318f482f969f.exe,0
40fbcea807d0636c255e4c01ed690495f2c76d06.exe,0
41769ad99b1aba03f4a3835bf23f2eaa05a9b8f2.exe,0
41a437e01bcda4b7f7e3dc5dfd1ea1d8ad422da9.exe,0
41a47097ba48fb4eab7d6521204b5058a2b5620b.exe,0
41a66d3e46f1cbdb971045ac7585515094032363.exe,0
41b22a35530708d131d8c8b54bc0392a06b14f15.exe,0
41b45f33596f6bbc58248bb0fa136a408574ef2c.exe,0
41b91f44c01543b08a3b8f261bfac3d19754e172.exe,0
41b9a50f6b4254d352f5b045e20f897eaaec83e1.exe,0
41bd5268768b6b8907b49be984bc398172e6f9c9.exe,0
41cd33b18d71dbe04e227493d7b9eba0efce6c7f.exe,0
41dd8124d61861d58028fac9f2d135b81d84bf17.exe,0
41e4a1c7d7f20163ff330b14162b5350bceb9df9.exe,0
41e52eb04844429b12c93031205b7061ae2031c7.exe,0
41e87238d9cc70b609a4d202c1fc5f0c097b558e.exe,0
4200dc83b26bd36aebbe7efe09bc4e2a44df0c06.exe,0
42a51c3249ca84d0652165f3d40bfb5e330d263c.exe,0
42a69a5ef5f08cf7193c0b01f345d6470c6001e2.exe,0
42a916297158a509d28e428e304e8527081f3a9a.exe,0
42ac8b3c67eb0b586f6a291cb2d250ab8a53eb6c.exe,0
42ae1f2b3874161bd6f7a726c8ef5569c9219edb.exe,0
42b2ead51a865e3f32d02ab4c9a53f9d40768a1b.exe,0
42b38b0f9797f1bb6358b83bb7d38dcf9a83b877.exe,0
42b567cf0c496746bb61964d82031e8ff27334bf.exe,0
42bffd83242eaed7f976160390b6ac30a4055ce3.exe,0
42ce6816420fcd03a1b60a10947f0dcad120ad91.exe,0
42cfaef50d11d1d2a0e7304fc80b14fd1515898d.exe,0
42d175271d75870895a4477083bf4392d69b5625.exe,0
42e17ca8f973580690b7b09b8400006f6b55f004.exe,0
42eae8428b0d1fb8dd3fbc96c484b11fbe379974.exe,0
42f4bb1da4bc651b74a31a747c1e2e3789443f6a.exe,0
42f62b43cb6f13586e382bd2bfb8a9af1134c1d8.exe,0
42fa5dc47938aadb58407a4978160a290ac8edf7.exe,0
42ff1f9f47d8d37d0fc3a121a70e59f98abab0e1.exe,0
4307a772f488ee9634f9646c0839576b93c7cfac.exe,0
43b8b24a69e82973f45a77c66502409689fce142.exe,0
43c0ab192b0737981e27134b0820ca1fdda6475b.exe,0
43cbecf7fd679766c19db7cd41a93bba2c98104d.exe,0
43ceebb3f645f6b9c4b6ff805b69b10735cfa3b2.exe,0
43d723503f0a12ea1b2badf73e0d663009cbf27b.exe,0
43de36494ca3439b8fc88cb9a023a47c12659416.exe,0
43e90980663fdc2ddcaaf1aae9e7bda7acc58bb1.exe,0
43eb8b105af538761214933650a23bdbf9b555e8.exe,0
43f4aaad1799e05265cacfc3576b1193d2a74200.exe,0
43f95299d05279770bc146d52624a4f959b1ac76.exe,0
44b1517537933b9c89ee236f172cc14f06abf17b.exe,0
44bad63af68ed0f2b0812aef67d9b737b750d355.exe,0
44c1f557e0f3a29d63cac33831ab4c69bca69c22.exe,0
44c50bf6bd0181c161b979833d8df9e3bff8faf1.exe,0
44c5adfc672fea6c871648e10d699057d47cab00.exe,0
44c95f593cd378e63786bd84a302da2127aee425.exe,0
44d1abece10f71923a0bebf02bbd19823403bef0.exe,0
44dcb6e3deda87e4b15c331776b6a42154d0a59e.exe,0
44e0b01c7d59bde1830c8d9b02eb81226ff9f521.exe,0
44e42f1617785441060b74777c335a4c1bf54a4d.exe,0
44f71614978c13e4b1cddb0f7074d654d08e8fe1.exe,0
44fce02461fe74c431888ecd4621c486e21fa096.exe,0
4513ec0b31527bc67d6c2193780618df09685595.exe,0
45a944ab33cb98fb896e531a97432ea48e17f52c.exe,0
45aaef0873b47f5c80802ed02894b506d85dec03.exe,0
45af4b201f4f6ff0995cdb904798a81d353b34a5.exe,0
45b14003d259e7184250a21b08bf96df06473fe8.exe,0
45b1b94e3320c56226e857d8fb26404501ac2fdd.exe,0
45bb241eb83ea00653970d236fc1f2638b1c5844.exe,0
45cb6721cf50d95fb0164ca4a06343fa2cba1566.exe,0
45cd902e132e2583e67306d08c6c6a4613bb3b2a.exe,0
45cebe52178175c5fa8674503b25819500ed28e4.exe,0
45d8967ed05e288c6ba7f3f564bf0a6fc6adfa88.exe,0
45d8e1476407280cd52d3b5f8a138d5e35ad6098.exe,0
45dbb80e4a44663876595e05351724ca25dbcf6b.exe,0
45dd82af7dd60ac1d1099195c7dc353825f8c6ea.exe,0
45e176308094c9a05cc723deaa289279f61534b4.exe,0
45e623726b801a607cf91324bcb923935832c93c.exe,0
45edfea7e3ece5bf481dd0a168e9f802fa56872f.exe,0
45f4b583a9cb1b7cfe7f33a443a4b30bb4c1fcd4.exe,0
45f6194de1d17b568d6028fa2725d999f2c975df.exe,0
45f90039589f0771484f96b1b4da603cabe44490.exe,0
45ff44c550e393ce91f00620c35c768a6360b642.exe,0
4631e917848be080f14c87cf855957ff8c6e4ca8.exe,0
46a3c6c0b29d89d759aad76152ea62044d65c54e.exe,0
46aefb37e943372bef2d5d426c2fa41c9e8b1553.exe,0
46bdd7d9f4aacf7a1768e70c5b72e4b1d1560410.exe,0
46bf9f95107503deaa94515b26b06b29c4fbfec1.exe,0
46c8c80130ba2255ef7ec34e27d6097871ec99df.exe,0
46caefeeae04dadf9b03e89b518d22c4d113a5a4.exe,0
46d097e29592ad33b953dd1e8dc83fc47a2a8a93.exe,0
46dda3be54f89bba0364869648838f134dce3298.exe,0
46ea670026cb25bd0b10043b84a5faa67a6b3b64.exe,0
46f149eb4f203e552e09b9a260f4ddaee0d83773.exe,0
47557f38c48710f0c2ff6cb59f081a1333d8da69.exe,0
4762ab30beff225888c88159d74a80ca70138dec.exe,0
47a4e7e7d52a116b4bc7d333f2046405b72fb963.exe,0
47ace57f0f2d608e0a411a85bb40f84276bfb1b7.exe,0
47ba2c0017788222df7e81ab166bb080f665f311.exe,0
47bc1d4cbc3ee7f09389b251573f1ff72ed1581c.exe,0
47bfcd6ef5a867c2c1bb4e7a5236ab3d1feaab90.exe,0
47c1795dac6a315c253b177a383468c5cf4bf3d3.exe,0
47c844070351a7fd266359fff7292eb3f9fff32f.exe,0
47d15e105723304373601adfd99657977e5cc0ad.exe,0
47d19558665991e182ae18f097f91f5f377fcf8a.exe,0
47dbb950d8fa15114d4e3f7a81d1c92e0d80b59d.exe,0
47df6ae36907d3cbed811cf380dd7e4a808f02f8.exe,0
47f0807391def26ca0992b480e815eb4a738c0e5.exe,0
48a600df2d891e262a7578df3edbb91bddf061e4.exe,0
48c94107a57681f61995800c3cf87b3a4c1d75ad.exe,0
48cd6ebdc515b54b7eba9ec7773b093470756b05.exe,0
48ff28bc2351332768b05cd8038acce1e221277e.exe,0
49a362022cdf29c936b5960855b1e99dcd4fab52.exe,0
49b1f269f33f3e5f51400dd27ee9df4b56a645f8.exe,0
49bcb575cf7ec2b65f31ea74150a9a0b9e5c9d88.exe,0
49bec9022bc14e7dbd7b1f93f26bcea326e62520.exe,0
49dd8b3cb68b0f30db3107644d6dd833facbad72.exe,0
49e5855f92d63bc9c76ce078617477f3ffaebb43.exe,0
49f9785d5a42b3daa95d7d91ab077e669f7116c8.exe,0
50214ec9c3f1b58f8aa4f621013a5785573665ae.exe,0
50a6cfe4758e6c19eec63aabca962b10ebd7b64b.exe,0
50ce88588c7b6668beefde6a281452093f04a908.exe,0
50d4c1fa3639943ed5f50c4f7f5efc394c902244.exe,0
50d948886d3605d4b33ec2e68a4bba36f67827ed.exe,0
50dc290312daf5cf93030ab46e441627e3849238.exe,0
51397ebee84139c680247d282583aa23594eac33.exe,0
51b4cf6a53ec8dd381cafb9953668db542ddccd5.exe,0
51de255425c274343608447eed023af1f4acab69.exe,0
5275eaffec3fb68c09523b912748e726b000c5c3.exe,0
52b9048117dda71acb38ff33e0a6a3f4368765a4.exe,0
52ded31c3afd3d315540e6f99965b2e9cd6954c8.exe,0
52feb54879836bf67c1d8781da39531e566e6ea0.exe,0
5370dc7dda2eaee3417a892c96bf5485c022e172.exe,0
5383f86ffd9f61f0fe110282dcc320fce7d8237c.exe,0
53ad23378d1df0563187831df47d3a27a3555c8b.exe,0
53c1aafe1d44038403977628e99f2091306999e6.exe,0
53d72eac44bb4f0e77f70f74222a796a61439b5f.exe,0
5499c26853b256b09b406b4b1b455238ce06c937.exe,0
54ad929b05cb9af97295d4258684f513c739b115.exe,0
54d4a240976eaed1e0f0b44011c73b21332ee2da.exe,0
54de229b87847ba3350288098e31c6aefa5db4f7.exe,0
54ee94d8c3edf3b2e825fe7cbe28a406717c0869.exe,0
54f175870fd7ce880dce2ab8728714f346f59be0.exe,0
55a8027b94f2fd15e2d7aa0bff3657d01c93a3f8.exe,0
55ca462a270adecaaaa6c7d339ccbb7b5969549c.exe,0
55d27cbd4224b683ee4d703d4044dc4a3626cd0a.exe,0
56576d7ab002b1ca42f5a930e444b0831b712fa2.exe,0
56702a089791231ad21a195886601d70eecf9dcb.exe,0
56c30f82d49851884e2d69ad590056f1fb068f16.exe,0
56de9dfe9ccdf9d45452af4ee21edcfaf2a5b456.exe,0
56e72fe8c7626879d047cc87435fa107215d088f.exe,0
56f4471a9038b7c9c275396e7f624a5cf69e8609.exe,0
57b7f4d12195fc0e4a490727697483054b8c4f63.exe,0
57bcb31a4582e51cb14ff28c86f28628853f93d2.exe,0
57c1f149e284ac47aac639770ec69635b9bdc2c0.exe,0
57e732a2fbe6d4813d04e228995f9b276229a86c.exe,0
57fea06383acec7e3f7ee3b2fc217f317da60e53.exe,0
5823bfa927544806dc4ec715bf3daa24644474aa.exe,0
58afd14b17d44341a62559d28a8f97ae5e743c23.exe,0
58cbe96eacc8c8c0809ef386f79946674798d752.exe,0
58def68e3f587e6793d42833c50311ffd6df4659.exe,0
5953e68ba075984b862cb6c86fbc2a666bc2538d.exe,0
5956faaa5e11f01a3a4fec82a6ad044844aa3a1d.exe,0
5991aa6ddd23f494053f13f1ee707eac782f521c.exe,0
59a35a28f4ebed48dddc606dedd65eaca6fa1d1f.exe,0
59aae5b27cf5984852f55d1d24a039cd38fe6ec3.exe,0
59e28693715e5d25374eccb6f37069b74319a28f.exe,0
59e9df678f07f820a4b2109f534f4b51b8342585.exe,0
60cd9a226e2df3734a9aeef73e34569ef34acbed.exe,0
60ded427ce8e259a3cc805979ff14b69d04b71e1.exe,0
60e757ae650252d92483cd0472f2d099abf5c14f.exe,0
60f8223a0286aa02bae6a891d40ed8059bb8c66f.exe,0
60f8b57879028b0848bab547ac5632ab0113e05d.exe,0
61acd4fe11ba3ad261c89388df9f8070389d257d.exe,0
61b5177ad7c8ebd88c29ac78ba6159514d68cea2.exe,0
61be9b37167c4c827e00a1bce055290b527c0f22.exe,0
61d1934da612bb7c4cf24d095ff3981fca7d927f.exe,0
61edceab77c3a6ca9f1181d4813d7257beeb29bd.exe,0
61f7dae501bc000df8d8dc5f52ec7f2691a22b2b.exe,0
62bf2c296c73978f764df38433db0978b75dd2c0.exe,0
62c2a400c33e5ea0d11fa1517d3a5fc79c000dfc.exe,0
62c86fedb7e083e7cbad23406f7649b1f92812d7.exe,0
62fbb4501137fef923f723b198048f9c95f57fee.exe,0
63ab07d3e271855ecbaaa177a2599c3b68c85207.exe,0
64b71d04be60ae37c20a19802babb8f6c206e100.exe,0
64bb5dffb681bef030a5b9cac3fbfcc0592288a0.exe,0
64cda170b8366aec54ff9b26129362020d173fb8.exe,0
64dab0c49d06bdc67ce34f51af5283c540e59841.exe,0
64f6151ae0091e73ba8bf85a9723719278f003e1.exe,0
6561d1374af30ea58c8581c3516bd7779a0b4536.exe,0
65be9cbbd14fde70bcc2eb969df36959526104d8.exe,0
65bf978c3cbdd89f9337c476bb9751e023fc52f5.exe,0
65c714ea64db3520ac9359e054cc65d59f4189aa.exe,0
6653af6a2adbb663097f35ca8117c5054a3cc5d9.exe,0
66a1e84a2c29dcac786857078e1f293cdc7e5fdc.exe,0
66b0459e424bc7c22b0999032ef7447528c50bc5.exe,0
66c78bb30fe5c0d7264ca7df1d4576e5c440ae86.exe,0
66d714b5b8d38b369bd685542116b8622c703ad6.exe,0
66d803b47f1a6a1da8fa080e66312f42a04adcc7.exe,0
66e26d53ac9a48530a651520658f65e747e0cc0f.exe,0
66eaf6ffb1ebecc435d122d5a3e37e3540091e38.exe,0
66ed81d35727e325c481838f733136b32cfad581.exe,0
6759b48f39bef4336c149e1bb9afef40cd395433.exe,0
67d8cf03386758d472887b3d3034f390914a4337.exe,0
67ed87f0e0c07d9a5e85712e597d9ecfb0914d2b.exe,0
68d875e69fdea702193049755cbe6a1892f7b9ce.exe,0
68fe4712200ddacc08ceef3d204dd48c64e894de.exe,0
6945d46728513b6a2eb425627c8c0e6d5025cec8.exe,0
698b0f923a07eedf633fc3f4ea74e69d3203f984.exe,0
700a7e303dc1c44420255f7aba1c5ded2d6a8d68.exe,0
70ccf0a8d8c8ffb7492e77d60b8660767b5ea8c2.exe,0
7332fcf33255c59c1b8b48079fa983842c38a137.exe,0
754e561f3d70de2bfb6d6e5c1020abbd70b7af80.exe,0
764c79cbc6fa0cd3ed237595bea7112dc14b6ea2.exe,0
765be281de7cb25054c44df5e749d3fe331d4b22.exe,0
76786c2a76c2c0a61413dacb5f9ecb3d668d43e6.exe,0
768b6933a21f05b430a0767274b3b826e42a5b65.exe,0
768e1ad5f6e90c4faa9b8237b31866dc77f045b3.exe,0
770a3cf74e826b4844f376f53aeba5bf6777074f.exe,0
77387ff1863c12f0de8eeb55dc224b8d7bfbeca7.exe,0
77832d95948cde97a6b3298c52c15c95adf37f11.exe,0
7862b4a77489e6575f1f8875d9c51b1b6dcfeeaf.exe,0
7921ddb79bea40f457bf2441617070edc77d7e35.exe,0
81272adb2444667b247033f322fbb8c1d6006519.exe,0
82932d717d35e1413751825ec96ecdf25d9a1f8b.exe,0
846ecea0c336c0c9524e307d347c8d63d1fe0010.exe,0
85924b5c9639a88f2362d441a6386dffb7dffa65.exe,0
8616b03e6c9c04da8e735371b29ffc844dd7e7d2.exe,0
8665e808cd88401c5065796ba2286f02db92fe47.exe,0
8667e67e509d245fb623d0e180f20652803610cf.exe,0
875c5582a2eddd362d3fcfb3cec62f4e7e96a3af.exe,0
8819cadf016bf058e9da34a3fddf64de35a038e5.exe,0
882bbce55c68d0b9c113886f764569b21b75d6e4.exe,0
891c64d00683ee0e25d7c3709a494db0713c20ef.exe,0
892e1d760fc73461daec858c5d04cfd722e162b4.exe,0
892e7c8382943342a29a6ae5a55f2272532d8e04.exe,0
8bbd0dffc5c8a3f1cabbfc9500912f20ace6a777.exe,0
8c5e650cb959d4f1e828ecaade10fd76f1e82e4d.exe,0
8cd50dcb95f70e0c7398aed4e51292a8da9a0cb8.exe,0
8cdbe5b627b3f47c5f2f0e0d26bdf8189a2ed804.exe,0
8cdf323f83692d364b94f9857fefd56d38f4413f.exe,0
8dee16ef0ccd70e7d8011727c7521908fe23a1e2.exe,0
8e34faef95fba98a9eb65d4e05719d7d5ab63bc6.exe,0
8e836e99b31dd394626df8a8a2853f2421bc56ea.exe,0
8ee500f29cafa5714317ba6ee62f170048e688f3.exe,0
8ef650b7937f32e8369f1044f3518ed0399d6460.exe,0
8ef6704453af01af083e89d3233d75e34a173ce1.exe,0
8fe47fec76165e21328566da22b03ca779cbc09f.exe,0
90233a790384c8f48d54b03e0666468e1c3b2c80.exe,0
902b0f0bd967b8c3a534b2d0cd7ebee80568f6bd.exe,0
912dd18dfb97b66526c185adb822324660206ab6.exe,0
915aac7d0b6b086a9e52722dcae9d5d9cbfab49e.exe,0
918b366c88d57be6463cb72da757693de1fb0616.exe,0
918d320ee86fb713a0f51a3b72bc9ee83a982a54.exe,0
919bf9c7fb27e133857f8b1d9f5de328d8c09ba3.exe,0
925ea99d13564cc2e03ab0bbab00c81dc72b1b05.exe,0
93631ebd94a558e4f73bf35cb79a8f25111ecd94.exe,0
9372a229bb2aed6c2724fbc042b8016b8eadc701.exe,0
94191c47776da0e263b89cf4901ee3d47d241da1.exe,0
9463c52a618cd72280a9e59ca445a6c0136b354d.exe,0
969e79edefd8ef510e8520bb0abb2a9fd887002d.exe,0
97495c5e210940be35f5fc61e82cb46c6a3f79b3.exe,0
9802cd45f3daed77c10d38ad95a05ee737a895d3.exe,0
9828dececfbca7e1a5837ff8c8e916fb567c94c2.exe,0
998a371118798575a9200166f5753700f72a8632.exe,0
9a2dca1584660ca14ce893b2b92c135377a9ab13.exe,0
9b00c7cc49bd9666213695851d7e2ae57c43a8a0.exe,0
9be4309a989d22db7c62763013d97c59d88370a6.exe,0
9bf2e59498095a7ee5c36067574193acedcef0b2.exe,0
9c8ad5b4bd055cd7d57e76b662fb0574af47fbaf.exe,0
9cc5b6dc864a41cfc87de531314c8e6d4d6142b9.exe,0
9ceac98972ab5ebac6e66784bd88a98b711a6f36.exe,0
9d93c01452f307e98339e59c583b8426b07d92ba.exe,0
9dba6cab2de38311d05285f83f070eeb4794fac4.exe,0
9dcff1bea6f32a9411725d665689369c38c19d69.exe,0
9e6b51c08c4c6364c5be033fe6c87c4d927effab.exe,0
9f3ad7ad3184a77c1458b3b198ef8d060f260575.exe,0
9f3d5a76fc5df4aa65c85e32f5c8aded8d72c3fb.exe,0
9f5ce4cb5ec29c9f68c10a69f8b5b98c22d10a5e.exe,0
9f87b97841e1097c470ef447fba51b043ab66d34.exe,0
9f99ea62fc4df87f6f27d249a953579e6d6eedd1.exe,0
9fbc45e14054352c168ccd59f0445f550a026b4a.exe,0
VirusShare_0019ac218066b4b77971562d553a9a49.exe,0
VirusShare_00462daad93d1950efb7685771793a9f.exe,0
VirusShare_0054b7925c5ab18e0a6d64bceba2a7c6.exe,0
VirusShare_00b06a1fedb082b09b04c6995290097d.exe,0
VirusShare_00cb45c4efd4053cef8bb8567dc0638e.exe,0
VirusShare_00eaeac88792c519edfa92794fab3596.exe,0
VirusShare_01a6a6c4f4a95feb874c81a2ad6947a6.exe,0
VirusShare_02cbfdd0cf7e38da9a41016dbdb9e291.exe,0
VirusShare_02da8d261f59a334464a197c1c0f56a7.exe,0
VirusShare_034f8a061d88709ca04faf5b756ba470.exe,0
VirusShare_035a7d02cdc69c02b328ba5c9235bc77.exe,0
VirusShare_047af2701d3467bfb7c3c0493fb61bc6.exe,0
VirusShare_047c4e5a6f964c00226056888f2ffa88.exe,0
VirusShare_0504a0e2703bc450721fb27b4c56617f.exe,0
VirusShare_0522c889f96c0125d24605166269c5e0.exe,0
VirusShare_0589b4f064cc5985583199034b4ddf75.exe,0
VirusShare_05ad70ff5d369a850c3f324ba1f505f9.exe,0
VirusShare_05b7b47dbff50a61d3e4a3d87336420f.exe,0
VirusShare_05eecaa5da9783239e0b2c131529be45.exe,0
VirusShare_062d09cb9a93eb9afaeccf30a784ce80.exe,0
VirusShare_065ac651f7fc1c3c35d32277081e4dd8.exe,0
VirusShare_07ce95aeaab7fb4b6630ac576a98b883.exe,0
VirusShare_086b9b123791e1438c12e6061940eb73.exe,0
VirusShare_08fdc8aabedcc0304eafd4e490f2af9c.exe,0
VirusShare_09c6d60131421b2b5214e23f646ee5ca.exe,0
VirusShare_0a8779cf99b23492147a8a52f920eb64.exe,0
VirusShare_0a92daa19f2cc77a21cdbf8db6d8bb68.exe,0
VirusShare_0a9ac980591eda5434f0916c1f66183a.exe,0
VirusShare_0b124adc061b628ce6d64ddd69a13823.exe,0
VirusShare_0b1c4ef111cea70b1a3d12f0cdedb31c.exe,0
VirusShare_0b1ffb652bf0b4ac00827758765869be.exe,0
VirusShare_0b397b70a4404ae8deadec8be37a5678.exe,0
VirusShare_0b3b10d74c5f3baf03d746a64de3cce4.exe,0
VirusShare_0b502a26c36c156bfdcd61cf96ca46f3.exe,0
VirusShare_0b619b5e89f2d912623ebf3bcc703f92.exe,0
VirusShare_0b63dc4f29e82b57b6b764b4c0fa0f35.exe,0
VirusShare_0bb65c76c75aec5ac9d028f95c674529.exe,0
VirusShare_0bd0d2adbbe9429bf46c0fb72152fe65.exe,0
VirusShare_0bd2eed163ef1f8b37800f52f751cc99.exe,0
VirusShare_0bf729e014c69ddcb88aebf5d599ad22.exe,0
VirusShare_0c582b5df1d2a87e6f14f20b9b2a3cd5.exe,0
VirusShare_0c5e86a7b6f521c6a8fed97491465a0d.exe,0
VirusShare_0cacc46e2f7dd0156780b3d5af2a70e2.exe,0
VirusShare_0cb5cf9c760b99ee37c36936aa0eef54.exe,0
VirusShare_0cbbc84418d0d80e91a2fddee2f39b20.exe,0
VirusShare_0ccad9c2463a6faabf79b13cfa301bea.exe,0
VirusShare_0cedcf1a5ac0c5330ca8a32c7c5d7801.exe,0
VirusShare_0d092237303e86561df2c11ce8b0bc8d.exe,0
VirusShare_0d1a41caf97813c8523469b48b7ab961.exe,0
VirusShare_0d4750d57339d8cb8982a57ee7437301.exe,0
VirusShare_0d5816ac816266158223c8163f0067c5.exe,0
VirusShare_0d6e5af3e094754bb2e596e8c06eb184.exe,0
VirusShare_0d7836185fcfb98c60c9fb2b107babbd.exe,0
VirusShare_0ddcc90d092976599b2e6784b63457ba.exe,0
VirusShare_0dea4b965d4c38be1b7c36c9bdb6c856.exe,0
VirusShare_0dfd45af14c6abff59e905ade61a4b75.exe,0
VirusShare_0e0aed197c9d36e798e38bf2e672ec6f.exe,0
VirusShare_0e4c40c9c9921673242963ccd664ab91.exe,0
VirusShare_0e804b924882c94f8c997225c97dbcac.exe,0
VirusShare_0e94f8c1222e7096ac2eb6a6f04fed17.exe,0
VirusShare_0eca0e2726dbfab2b10b79201fdf574a.exe,0
VirusShare_0f4ba9e37927297694a4b48e560821be.exe,0
VirusShare_0f500e3a44872c918594b000ec4b5cce.exe,0
VirusShare_0f7bb32006babd7a85c7b38f372b7403.exe,0
VirusShare_0fb1a32a0f48a33b098e30e745a03509.exe,0
VirusShare_0fb889deb4a7839e78f41cb5b29cb6fd.exe,0
VirusShare_0feb9271e5a9a97f09f442186f2aa811.exe,0
VirusShare_122ddeb6b3879d9857689fcac2734267.exe,0
VirusShare_131a98d732d8ed4697b8fd01d3b7ebc9.exe,0
VirusShare_138e42d658d6e23ad0f88708b4b3599a.exe,0
VirusShare_13c63e0329202076f45796dba3ed6b8f.exe,0
VirusShare_147adaf5ec830066e1c8fdb3914af136.exe,0
VirusShare_14ff6bca58c0a199be6a73675030733f.exe,0
VirusShare_157fc8c3997984ef720a3751392fddfe.exe,0
VirusShare_16f6f9f26496069fe211bdc703ec06d7.exe,0
VirusShare_170a3ad98f6f83a052431f91301f68ca.exe,0
VirusShare_17d88f6eb648ec395ee5ddeebd987ef0.exe,0
VirusShare_198b5bfb79ffd4cc022a0d5832a5a72e.exe,0
VirusShare_1a0e3c9efd661fb7abf0db987331e2da.exe,0
VirusShare_1a177404992895f031fd66cfd08d0ad2.exe,0
VirusShare_1a7f0bef05ef30fa548757a31f67689a.exe,0
VirusShare_1a89b7d4fb8ded72e1f8e81ee9352262.exe,0
VirusShare_1aad30f76693aa8ec2fd2a9314b02125.exe,0
VirusShare_1ab9589dd168afe90ac06e6a878ef65e.exe,0
VirusShare_1abd33f5aefbd1ba6b747e8a6b82c90e.exe,0
VirusShare_1abfcbd33ba021ff884f1784f27adf24.exe,0
VirusShare_1aeef8b940eb89ec11ef3e6b98c175d3.exe,0
VirusShare_1afbfa72f011781e12369d0dec777b32.exe,0
VirusShare_1b1d23e70616ed34619bc73447215eb0.exe,0
VirusShare_1b68cea0485e08a947e332aec0b8e29a.exe,0
VirusShare_1b7d2fcc7008cf88ef6403d0097b81b4.exe,0
VirusShare_1b81d2673feb9d55f210841992ba7113.exe,0
VirusShare_1bbc0fe17340eda34ae88bbab63d8df6.exe,0
VirusShare_1c71d29bede55f34c9b17e24bd6a2a31.exe,0
VirusShare_1c74369298e5d007300e5fc23293810d.exe,0
VirusShare_1c7fcb571ce3280b4f3900aeda61735f.exe,0
VirusShare_1c93d42eb1d767fef01dda9e902f1676.exe,0
VirusShare_1cce49d3957d3a9fc389bab8e49217d0.exe,0
VirusShare_1d0ffe1c9b055cc6bd0aa8661a4799fb.exe,0
VirusShare_1d36de2326774a5ca97431894f5c4399.exe,0
VirusShare_1d50374f3c84fa3252e6588e75800552.exe,0
VirusShare_1d526bdb844fb9955103cd047da7f054.exe,0
VirusShare_1d578c11069c7446ca6d05ff7623a972.exe,0
VirusShare_1d5be7806daf544f2158456fd02306d0.exe,0
VirusShare_1d6341ae9d0750924a7772976a61e4fd.exe,0
VirusShare_1d97d4b996e447410a64844c104e276f.exe,0
VirusShare_1d9e472373c9d041e3e91ef1850f0142.exe,0
VirusShare_1db07b5bc34f0762e7f1f4fe05fb98b4.exe,0
VirusShare_1de4dbddb5db557a9381e14429aabb8c.exe,0
VirusShare_1e00bdc6d387b04c151aeba69dbda0c0.exe,0
VirusShare_1e442f2b54e1f080920cef7d7224a96a.exe,0
VirusShare_1e443c84964a67b4f87309adfaee1126.exe,0
VirusShare_1e502579936d80f217bf77ee765924a3.exe,0
VirusShare_1e5bbf4c470c99652af52e5509cb38c3.exe,0
VirusShare_1e6cae6d600e2193d6e20ce565b8632f.exe,0
VirusShare_1e816616abb3568e4d3dc75617137043.exe,0
VirusShare_1e8be54b79602a5ecaa6a85c008aea79.exe,0
VirusShare_1e8d9831e2fb8433e5f226a5ef1812f6.exe,0
VirusShare_1eaf48c10d54f157d13814d84720489c.exe,0
VirusShare_1eb2c3bf864ffd0325bf612c2be88cb8.exe,0
VirusShare_1ece5541946fac43481913cbe3f66e4e.exe,0
VirusShare_1ee8b080edb9ecf17e0bf80e015290c8.exe,0
VirusShare_1f01d6455dafed7ddaea96c1126391f0.exe,0
VirusShare_1f034db8cd866723181dacd4ff8b1265.exe,0
VirusShare_1f0b523cea8e54a76fa2811fee12dc55.exe,0
VirusShare_1f1469513b603b9a3e26963baa54e78b.exe,0
VirusShare_1f7a847f4124b7d89ce4285bf860e041.exe,0
VirusShare_1f868bc03fc1dca98d6e02cc9aecb7f4.exe,0
VirusShare_1fdeb2ed6abd24a04119aa83209d5654.exe,0
VirusShare_1fef57960b311cbc30723cecb607664d.exe,0
VirusShare_201be7a824a5ce0fc2e5c73ea5d8d426.exe,0
VirusShare_209a288c68207d57e0ce6e60ebf60729.exe,0
VirusShare_20ec847ce1b60777b067648e1b5ef9d4.exe,0
VirusShare_222b76c7d8a06e1975bb43ba5102eba7.exe,0
VirusShare_2340fb4d02df11c9343a98e20914b015.exe,0
VirusShare_23f7d26fcd822ed7152832a767faaad7.exe,0
VirusShare_2529b44edd4e5eaac9f70da0a9ccbe90.exe,0
VirusShare_26c55905330f321288bf581aa5269fcb.exe,0
VirusShare_26ed7fd502e42d2e44173b456c0d18fa.exe,0
VirusShare_284b37c4771f4dcf91a37348014e04ff.exe,0
VirusShare_28a114ae03303ec9249eaa868c9b7830.exe,0
VirusShare_29edd2fbedcfd056c4227eb762de516e.exe,0
VirusShare_2a1d2655524ffcfc53d96db0940ca4a9.exe,0
VirusShare_2a53d20292b250b8fbba31d3d247cc26.exe,0
VirusShare_2a6592c24a49832a01289cfede6eb738.exe,0
VirusShare_2a67d7abf310994d30216a9fcdf2363b.exe,0
VirusShare_2a7dae9bb72b9336a26c85ca813ad9fb.exe,0
VirusShare_2a95b68d5edd62b08ac63d0dd72f21d0.exe,0
VirusShare_2aae4f0455caea74f4d166e230d11303.exe,0
VirusShare_2ad6654e6cea336aa2b3771ceec6ce06.exe,0
VirusShare_2af264ba9361e5cd2d8a64f6cc8944a1.exe,0
VirusShare_2b0c56bdcba269f6f90c01173034b764.exe,0
VirusShare_2b47adbf1f3b02331b5fe85ea23957b9.exe,0
VirusShare_2b7cb57714a01bd5f4a182be2a615e0f.exe,0
VirusShare_2b8383bc91f4a8237daa63554a64e21b.exe,0
VirusShare_2bca410519250ba329e1f04689299807.exe,0
VirusShare_2bd377543045ddd7b2e175b85b3f92a7.exe,0
VirusShare_2c07224326d4ba19fcf0ea18e4a0e79a.exe,0
VirusShare_2c3bf3cbfbc714bf4d459ab79e0805ec.exe,0
VirusShare_2c8727905d100ba61f69455ca53b46b4.exe,0
VirusShare_2cc380ee9d3c3941c8c15755ba023625.exe,0
VirusShare_2cfaa1a4e579c67a99789f46ccd6c2e6.exe,0
VirusShare_2d049c28ce5340190f13affc3b12c262.exe,0
VirusShare_2d48e92bf0138239c84647434c354750.exe,0
VirusShare_2d9de94dba2983a5e0d64a5d7d645b31.exe,0
VirusShare_2da6e1e6e2c8ab3f4d8569c5cca5c052.exe,0
VirusShare_2da726da0f392a1d10c2e6b6b7b5755e.exe,0
VirusShare_2db534058bb54a3c84f85c27186f4994.exe,0
VirusShare_2dbb986ff1978c1a88293001246d640d.exe,0
VirusShare_2dbded02e6c6a92f63178452d39fd17f.exe,0
VirusShare_2dd26d7ec39cb75fcc72ef9b7793f8bb.exe,0
VirusShare_2de1f1f37609c65015f56f58a523d5ac.exe,0
VirusShare_2e9030a8fdd6e4e13843e706f7d75a40.exe,0
VirusShare_2e93152a0b9e5ac2c8dc3d5c204ef448.exe,0
VirusShare_2eb440342d2e7f4e757cf3269b0dbbf2.exe,0
VirusShare_2eb6866c96811e85c59d2d6069470541.exe,0
VirusShare_2ecc9fab6b137bd629e769eaf478e803.exe,0
VirusShare_2ee3a97cdcaeca3a539cddbbffbb6b59.exe,0
VirusShare_2efa388cf768101d605f6e2ea8ec91f3.exe,0
VirusShare_2fde49072741d59fd941b494403b9b0f.exe,0
VirusShare_31d820378306ef1c553cb25652842864.exe,0
VirusShare_3272e47888e31da39263e166e0db214d.exe,0
VirusShare_32e3492082ec74d0c6238fb77284f894.exe,0
VirusShare_32f627149ac80550b39cd31a1142a85b.exe,0
VirusShare_32fce4cef18e2f6d522ef160df0fcfb0.exe,0
VirusShare_33da47727e5ac9797d21cf91ea33e891.exe,0
VirusShare_33f6b10657c84efb7153147c32c2676d.exe,0
VirusShare_34a105b3475fc6b163a8e580693194ef.exe,0
VirusShare_365b7e655602558a49633c0e2b5abe50.exe,0
VirusShare_36cfa1ca77dc7ad01374dc92c1871fbf.exe,0
VirusShare_36f673a9eda05483fb572d022143bd0f.exe,0
VirusShare_36fc9be797ca480bdba158ea00a343d9.exe,0
VirusShare_3772a3deeb781803a907ed36ee10681d.exe,0
VirusShare_37bacce71c6e6b63bf2a530218e5eee5.exe,0
VirusShare_3800b9ad7e6cfd036599f41ba7fc7d81.exe,0
VirusShare_397c8e3a2c0b2bef61f375f7557cf1c8.exe,0
VirusShare_39b42d53fe8824561dce5737c9b62e3b.exe,0
VirusShare_39b668efc13d507a76f102dd3c9f20ed.exe,0
VirusShare_3bf150a96a529d80f76d9408a449d5a4.exe,0
VirusShare_3c0dc771b4652799ee6b9945fc55fe30.exe,0
VirusShare_3e91855aac7b3ebbb5a8aedbe97ed300.exe,0
VirusShare_3ea4019fee87d97fb3f6522a2c4086a6.exe,0
VirusShare_3ed3fb296a477156bc51aba43d825fc0.exe,0
VirusShare_3f95cd627317aae9ba40897d01c125d9.exe,0
VirusShare_3fe82978fcd838a3593318e3b3f02512.exe,0
VirusShare_3fe889b5b2eff8f124317ee49d65d308.exe,0
VirusShare_400d4d727950f4d6de451115b8c4cfc1.exe,0
VirusShare_4037ff24c6d519077ebde1a5271ffd30.exe,0
VirusShare_408df88ad1ef7b6b83938adfdde69651.exe,0
VirusShare_40a973a111bdf691a598b6155ffe0637.exe,0
VirusShare_40ca12ee9693fa1dcaf676b052ac4e2d.exe,0
VirusShare_40dce2553494f712309b97caca12e5dc.exe,0
VirusShare_40e57aada96a5afa81ce2cd2653510a4.exe,0
VirusShare_41acc7ff928053e286f858eef4f9b4c9.exe,0
VirusShare_41f450002db4fa47fd0a5ab6b1233bd4.exe,0
VirusShare_42c1f75a3efe77fe3ca1ec2779753fb0.exe,0
VirusShare_42ced5c9021476bafb2f0d5eeea9e795.exe,0
VirusShare_43ab02d3d2e1ed9e2f55c8eda6ca7b58.exe,0
VirusShare_43ac2bfc0691099a18b14b8e5d0e5775.exe,0
VirusShare_43ce677633726b66ba88489184e1e09a.exe,0
VirusShare_43e33d57a800a4195d01fce29031589f.exe,0
VirusShare_43f0c8070cac36305338c082446a0125.exe,0
VirusShare_43f9d347c64fa999e8bd2db08abdd4d4.exe,0
VirusShare_44e8e88c236b294db7aa91493b882b81.exe,0
VirusShare_45a9c7e7e71cc7f0b2f839067720ae0e.exe,0
VirusShare_45b9bf6d12f5477f1ec17b28e7f3fbf0.exe,0
VirusShare_45bccc962a8d78f864863d4d455286e6.exe,0
VirusShare_45e88f0e6ad55cda1bbc98061f76e934.exe,0
VirusShare_46a24dfbe43e6cc002a34bdbd842dd63.exe,0
VirusShare_46a92a54cc978e3c56f2573ecaed4ed1.exe,0
VirusShare_46dac4335f64ba56e9c314b3fd74ccf7.exe,0
VirusShare_47e0d9e53b45cf5ab1b1e4840d26ce8a.exe,0
VirusShare_486f4914bbd37fd14a54c7b188406b83.exe,0
VirusShare_4897fb168896712aa767e7b94590e9f9.exe,0
VirusShare_48e9e6c7a1d3a13a6368425a2fadded9.exe,0
VirusShare_48fc525c80aea2a073b4e16f4a98646b.exe,0
VirusShare_4a54ada98072c3d14bef401b895a85b7.exe,0
VirusShare_4bdd96b0dc720303b4758a63d124e442.exe,0
VirusShare_4c79d46d9cc2c196443d9897bf7953f0.exe,0
VirusShare_4d59500137431d5cf10851d128bc6153.exe,0
VirusShare_4d702c76b43a0b6cbfe29acb2d1a37c3.exe,0
VirusShare_4dcf16184f8d4d6ab0a2c6f315f0dbc6.exe,0
VirusShare_4dd97ad1d5a5ac0040580933466044be.exe,0
VirusShare_50a2aeaf345e0784106a89ef23688a9f.exe,0
VirusShare_50d0d896555d2abba0aba1257e8373cd.exe,0
VirusShare_50f0839cef07d77754e3409af6bea75e.exe,0
VirusShare_50f1faa7dca45ace7bad5b5176b02c47.exe,0
VirusShare_50fe15537b55569dcffdd303bd49d72e.exe,0
VirusShare_5171f41ab56853921e11b9eb74605de1.exe,0
VirusShare_52f4bd44c0ed2a0ca8afb7927ddf589e.exe,0
VirusShare_537f3a22bb83b8643c0f676887d49f57.exe,0
VirusShare_53a2fdf7bb256fc52eb9c96e4c4abced.exe,0
VirusShare_53e66f89dcd761a8171b11f1e1a9a467.exe,0
VirusShare_546fd0d0dfa1ba77027f1e10b35b5adb.exe,0
VirusShare_54a21ab0cbc6b497b366922ed52c1548.exe,0
VirusShare_54a6d762039fd77d11669ca5ee10f56f.exe,0
VirusShare_54b66aa72aa64a468f216e0421140327.exe,0
VirusShare_54d0ec46edbe83832c05bb0fb00ff31c.exe,0
VirusShare_54e0aac9ead839226a60fbeb3529465e.exe,0
VirusShare_54e47be79d061fcd5c62f643a4856984.exe,0
VirusShare_55c2118313a85850527aac64e5bec52e.exe,0
VirusShare_55cfc45ef4ba0278e009f83afe716620.exe,0
VirusShare_55e0d8443cb68ac3e6a1768487c6a99a.exe,0
VirusShare_55f0be518ca8795e465cb5f7d6753046.exe,0
VirusShare_55f9c74e22dcc4efca0fc9f4b32518d9.exe,0
VirusShare_5620bffe6a9664b626c3b7cfff6c7b0d.exe,0
VirusShare_569f0960616082350e92fb6041b5e21c.exe,0
VirusShare_56a83276feb84f9de81276620964e4a9.exe,0
VirusShare_56c3ac5518ea4ca076e2b17818903b00.exe,0
VirusShare_56fec3eef353ffa4d01061a64730a0ca.exe,0
VirusShare_5704e036ba8e426dd332712078fb5041.exe,0
VirusShare_57a2ea6817eb04aff5cd605e08971a9d.exe,0
VirusShare_57bd8ffca06b18333da245d2bb672d53.exe,0
VirusShare_58dcf2c865f8bda763cda83caaf01aea.exe,0
VirusShare_58e17241a9f8f54c95a195922e9790db.exe,0
VirusShare_59d1e963557f6a0c8397341d171a13e1.exe,0
VirusShare_59ef3417d45e5f5c01e9618aa5e98d8c.exe,0
VirusShare_5aa59865848c750167f3bad72327baa3.exe,0
VirusShare_5b712f99b32783231704adc73a251e46.exe,0
VirusShare_5d43544a409561ea9f1ce2c433dd20dc.exe,0
VirusShare_5dd86232c5318a09a18ce4bfe973cb0a.exe,0
VirusShare_5e26e8e6dd6a45717da6e8e4b2f7395c.exe,0
VirusShare_5eec2a408bd473700b38c9e9ed9a09c8.exe,0
VirusShare_5eed65efcb20b04971364334bdaf9174.exe,0
VirusShare_6068a588e385af1c061754babc266c37.exe,0
VirusShare_60ad6addd2917f2bdaa6a5581d1e057d.exe,0
VirusShare_60bed5c8b0068003c3895f7139cacd24.exe,0
VirusShare_60c320e0e6bd4a055700b16ad5036e33.exe,0
VirusShare_60e825a85e6900c339a82b8d41224d2a.exe,0
VirusShare_60fa721aefaf01346d9275ae2145bb07.exe,0
VirusShare_6155c96dbb12a0371130905f5b6a677c.exe,0
VirusShare_61a90f7946a187ec417061e35596ab57.exe,0
VirusShare_61ca0784833e4a3f4e9ef1b0c1b31d79.exe,0
VirusShare_61ca26f50d0b729150032a908e238ef4.exe,0
VirusShare_61dd5453c97946dd97dbe2acadd9f2ac.exe,0
VirusShare_62a03b25f8ce0bf2a67e80bf8ccdedbc.exe,0
VirusShare_62a05f92bc98b01272857ee696553405.exe,0
VirusShare_63a002260fbe2c198e24f115a286400e.exe,0
VirusShare_63b6241d98e89bb01142fa2dcc413ea9.exe,0
VirusShare_63ba42006dad173b2db341703cef057c.exe,0
VirusShare_63c1e7ee63d89c10518209325f0204ac.exe,0
VirusShare_63c4024630c2ca1acf43bd61f8768778.exe,0
VirusShare_63ed5c2f2a1e146b25ca41eafff544e8.exe,0
VirusShare_63f804a1dfc77ff047ecaea0d0df5f9a.exe,0
VirusShare_640f5b7388f20f55db1aacf08c4011dd.exe,0
VirusShare_64b521dcf094c57b178b414325523fb2.exe,0
VirusShare_64e72b80f3645e248c0157019af728f0.exe,0
VirusShare_64e82c1324f9921561307909bc096ea8.exe,0
VirusShare_64ebb14a2c294940c43a3cd5d7940033.exe,0
VirusShare_64fdd26529fbd1c876cf1641d8e516f0.exe,0
VirusShare_65b764b7e1cfa2ed87350945db9ea198.exe,0
VirusShare_65e62e3817cc87c2af0557b3aca7b566.exe,0
VirusShare_66c726b9fd9d6fc8de93c24d9b670453.exe,0
VirusShare_66db0497a9cea633353d088af76b848d.exe,0
VirusShare_675be3ad2c3986baa0cb2c30cba15a26.exe,0
VirusShare_67ba2bff83b079c51f089270416bdccb.exe,0
VirusShare_67c83e55f92d495236a8fbcd286a73d0.exe,0
VirusShare_67ee37db37e665b273bd0c01adcc37d3.exe,0
VirusShare_680a9dc44ef0e29e3a991151dd6c0a3b.exe,0
VirusShare_68b1fcd5ada064e8f66fcfab0b9e4e4f.exe,0
VirusShare_68c78a7c47a76689869378402c22b5ae.exe,0
VirusShare_68e5da0973dea96e3367a9187e79b065.exe,0
VirusShare_68ef6fb627a48a63f4a7ec69937054f0.exe,0
VirusShare_69adb043f55ec19d79ef26ac7a303464.exe,0
VirusShare_69bf24034babbee62b54ca12623a7479.exe,0
VirusShare_69cf11ef8accc46abeea6c5be0c9263c.exe,0
VirusShare_69df2e09104254d5c363bcbcab5303bd.exe,0
VirusShare_6a00e1b5feebc83783f4dcf04fce5fc9.exe,0
VirusShare_6aa26f04b22b284dda148ce317f53de8.exe,0
VirusShare_6b48e1d28524dc278bdf711e032abe8e.exe,0
VirusShare_6bf29107ceab9ce8db30c1276995030f.exe,0
VirusShare_6c1de71607c37161b1791a3af41d9ca3.exe,0
VirusShare_6c6c85390c0e2c4a270129e7a2d88532.exe,0
VirusShare_6e75b65401c1d9b1d4d618185039337d.exe,0
VirusShare_6f37ae3aa6d1c75b7d0267cdf48c3f52.exe,0
VirusShare_6f7e2f0f6ba5b0640fa5cf4b381e320a.exe,0
VirusShare_7006c20806e0c8c9387c7bc7e5755a7e.exe,0
VirusShare_70a4044779ef533accda56cb53ac9d8a.exe,0
VirusShare_70b2c6b6c74c1ad8b85f3c3b55b03d21.exe,0
VirusShare_7139af514847448ff9ad477c29d7aaa1.exe,0
VirusShare_7207d7d308e600d53bc7a0b1536680aa.exe,0
VirusShare_72c97f11f0eafb9ef2453c3b3a2a8c6e.exe,0
VirusShare_72cdf03ea4ba6a1888b60945731ccded.exe,0
VirusShare_73d0daa29ac45b4736731c3bc4df8211.exe,0
VirusShare_73e55780a356c9d9ccfbd05db8b8f36e.exe,0
VirusShare_7624bc53851fb229fa84e8d59a0b2bfc.exe,0
VirusShare_762f447ab81f9624ce20310a256f79da.exe,0
VirusShare_78f8f86179488bc063d21b243fc5d73c.exe,0
VirusShare_7b7f6d272f3c07cd10db43441df927e7.exe,0
VirusShare_7b9df531f3629833d76b04868c5bacac.exe,0
VirusShare_7c2178efeb46238c79a31854a2831d23.exe,0
VirusShare_7d63af3bc3bcf67c0467a136f29ff245.exe,0
VirusShare_7dc41ec30d2c26286bbb7eed15d966c5.exe,0
VirusShare_7df99268235872d7f38ffd6cd7aa21de.exe,0
VirusShare_7e95248a4f730949ad6b20a19ac50d43.exe,0
VirusShare_80cf609659a792e72cae3fc95e30ce49.exe,0
VirusShare_81d2fef190cb8f0863c9aeea060a1c2c.exe,0
VirusShare_8441d32f80ef2c7772b25db4b95aab4f.exe,0
VirusShare_8459abb72bf63d8b10b6e4dc11145e25.exe,0
VirusShare_845e8fecea2380d3440e79f839737c91.exe,0
VirusShare_8533ca3518ee06d6219f7eaa43a2cbb8.exe,0
VirusShare_857c430d5c04fa7858a6831af10d5669.exe,0
VirusShare_87c7f570f34d2ae077f0562b2b9bbb98.exe,0
VirusShare_88beecdced1111a035a256d45dfc50c3.exe,0
VirusShare_8901e13e8e01a6f9223c78a903d8fb46.exe,0
VirusShare_894d1e78be3d2af913972ca70fcfbc1f.exe,0
VirusShare_8bd61c883e9ffc637c7dd0bf7ab93d6b.exe,0
VirusShare_8c44ee1470a0a94a9f9920aded66baec.exe,0
VirusShare_8c7948bfcfd1c888aad45ff254de1470.exe,0
VirusShare_8e41308fbad55a0494fb86dbeb26f2d8.exe,0
VirusShare_8f345ce2dd61f233c853d0e24d997dea.exe,0
VirusShare_8f65f44ff95707a9022787640c17a90e.exe,0
VirusShare_9095cfc95532a1255884c28e410473f5.exe,0
VirusShare_910f21b7a3e10ae0c325da6b4c5aec10.exe,0
VirusShare_91f1c4648a321346014f276b31966ffb.exe,0
VirusShare_941fb1cd3fdab89abc35f0a21abd2f45.exe,0
VirusShare_97b0a298b70cbb33056e43cd3360a096.exe,0
VirusShare_98f6bf1becc2dac84a4012f50bcd3e0f.exe,0
VirusShare_9b1da810487cdcb458d46f394f561fdb.exe,0
VirusShare_9b46031a47b3d594e2a19b351a60445e.exe,0
64BitMAPIBroker.exe,1
7z.exe,1
a2p.exe,1
ab.exe,1
ACCICONS.EXE,1
AcroBroker.exe,1
AcroRd32.exe,1
ActivateApplication.exe,1
activate_matlab.exe,1
adaminstall.exe,1
AddInProcess.exe,1
AddInProcess32.exe,1
AddInUtil.exe,1
AddOnsProductInstaller.exe,1
ADelRCP.exe,1
AdobeCollabSync.exe,1
AifEditor.exe,1
alien-map.exe,1
align-layers.exe,1
animation-optimize.exe,1
animation-play.exe,1
AnimationCompiler.exe,1
antialias.exe,1
ApacheMonitor.exe,1
appcmd.exe,1
AppLaunch.exe,1
apply-canvas.exe,1
applygeo.exe,1
AppSharingHookController64.exe,1
AppVDllSurrogate32.exe,1
AppVLP.exe,1
AppxDebugSysTray.exe,1
ArchiveTool.exe,1
armasm.exe,1
armsvc.exe,1
ARPPRODUCTICON.exe,1
aspnetca.exe,1
aspnet_compiler.exe,1
aspnet_wp.exe,1
AssetManager.exe,1
AtBroker.exe,1
AtlTraceTool8.exe,1
auditpol.exe,1
AwesomenautsLauncher.exe,1
awk.exe,1
AxImp.exe,1
BackgroundTransferHost.exe,1
BarCode.exe,1
basename.exe,1
bash.exe,1
bcp.exe,1
BdeUISrv.exe,1
BehaviourTreeCreator.exe,1
BitmapCreator.exe,1
blinds.exe,1
blur-gauss-selective.exe,1
blur-gauss.exe,1
blur-motion.exe,1
blur.exe,1
bootcfg.exe,1
BootExpCfg.exe,1
border-average.exe,1
bscmake.exe,1
bsqldb.exe,1
bsqlodbc.exe,1
BsSndRpt.exe,1
bthudtask.exe,1
BuildNotification.exe,1
bump-map.exe,1
ByteCodeGenerator.exe,1
bzip2.exe,1
Capture.exe,1
cartoon.exe,1
cat.exe,1
cdpreference.exe,1
CertEnrollCtrl.exe,1
certmgr.exe,1
certtool.exe,1
channel-mixer.exe,1
checkerboard.exe,1
chmod.exe,1
chrome.exe,1
cipher.exe,1
cl.exe,1
clamwallsetup.exe,1
cldr-plurals.exe,1
cloog.exe,1
CloudNotifications.exe,1
CLVIEW.EXE,1
cmdl32.exe,1
cml-explorer.exe,1
cmmon32.exe,1
cmp.exe,1
cmstp.exe,1
CodeCoverage.exe,1
CodedUITestBuilder.exe,1
collect2.exe,1
color-cube-analyze.exe,1
color-enhance.exe,1
color-exchange.exe,1
color-rotate.exe,1
color-to-alpha.exe,1
colorify.exe,1
colormap-remap.exe,1
comm.exe,1
Common.DBConnection.exe,1
Common.DBConnection64.exe,1
compact.exe,1
compose.exe,1
ComputerDefaults.exe,1
ConflictViewer.exe,1
contrast-normalize.exe,1
contrast-retinex.exe,1
contrast-stretch-hsv.exe,1
contrast-stretch.exe,1
ControlService.exe,1
convolution-matrix.exe,1
CopyDatabaseWizard.exe,1
coregen.exe,1
CorelDRW.exe,1
CorelPP.exe,1
CorelPS2PDF.exe,1
CorFlags.exe,1
CortanaDssServer.exe,1
cp.exe,1
CptInstall.exe,1
CrashDumpWatcher.exe,1
CredentialUIBroker.exe,1
credwiz.exe,1
crop-auto.exe,1
crop-zealous.exe,1
cs2cs.exe,1
csgo.exe,1
cttunesvr.exe,1
cubism.exe,1
curl.exe,1
curve-bend.exe,1
curve_keygen.exe,1
cut.exe,1
CVAnalysisService.exe,1
CvCollectionCmd.exe,1
CVCollectionService.exe,1
cvtres.exe,1
d2u.exe,1
DacUnpack.exe,1
Dashlane_Launcher.exe,1
DATABASECOMPARE.EXE,1
DatabaseMail.exe,1
DatabaseMailWizard.exe,1
datacopy.exe,1
DataProfileViewer.exe,1
DataSvcUtil.exe,1
date.exe,1
dbcicons.exe,1
dbus-daemon.exe,1
dbus-launch.exe,1
dbus-monitor.exe,1
dbus-send.exe,1
dbus-test-tool.exe,1
dbus-update-activation-environment.exe,1
DCEXEC.EXE,1
DDConfigCA.exe,1
ddodiag.exe,1
ddux_settings.exe,1
deactivate_matlab.exe,1
decompose.exe,1
defncopy.exe,1
deinterlace.exe,1
deplister.exe,1
depth-merge.exe,1
desetup2.exe,1
designer.exe,1
despeckle.exe,1
destripe.exe,1
devenv.exe,1
DevicePairingWizard.exe,1
DFDWiz.exe,1
dialer.exe,1
diff.exe,1
diff3.exe,1
diffraction.exe,1
DIM.EXE,1
dirname.exe,1
disco.exe,1
displace.exe,1
DISTRIB.exe,1
dllwrap.exe,1
dmcfghost.exe,1
dmxconvert.exe,1
dos2unix.exe,1
dota2cfg.exe,1
dotfuscator.exe,1
dpapimig.exe,1
DriverEasy.exe,1
driverquery.exe,1
DropletTemplate.exe,1
Drv64.exe,1
drvInst64.exe,1
DTExec.exe,1
DTExecUI.exe,1
DtsDebugHost.exe,1
dtshost.exe,1
DTSWizard.exe,1
dtutil.exe,1
dumpbin.exe,1
dumpcpp.exe,1
dumpdoc.exe,1
dw20.exe,1
DXSETUP.exe,1
Easeware.ConfigLanguageFromSetup.exe,1
easinvoker.exe,1
echo.exe,1
edge-dog.exe,1
edge-laplace.exe,1
edge-neon.exe,1
edge-sobel.exe,1
edge.exe,1
editbin.exe,1
Editor.exe,1
egrep.exe,1
elfedit.exe,1
embeddedapplauncher.exe,1
emboss.exe,1
empty.exe,1
engrave.exe,1
env.exe,1
envsubst.exe,1
epstool.exe,1
eqnedt32.exe,1
errlook.exe,1
error-mode.exe,1
espexe.exe,1
eventcreate.exe,1
eventvwr.exe,1
evntwin.exe,1
expr.exe,1
extrac32.exe,1
false.exe,1
fc-cache.exe,1
fc-cat.exe,1
fc-list.exe,1
fc-match.exe,1
fc-pattern.exe,1
fc-query.exe,1
fc-scan.exe,1
fc-validate.exe,1
fdhost.exe,1
fdlauncher.exe,1
ffmpeg.exe,1
ffplay.exe,1
ffprobe.exe,1
fgrep.exe,1
file-bmp.exe,1
file-cel.exe,1
file-csource.exe,1
file-desktop-link.exe,1
file-dicom.exe,1
file-faxg3.exe,1
file-fits.exe,1
file-fli.exe,1
file-gbr.exe,1
file-gif-load.exe,1
file-gif-save.exe,1
file-gih.exe,1
file-glob.exe,1
file-header.exe,1
file-html-table.exe,1
file-ico.exe,1
file-jp2-load.exe,1
file-jpeg.exe,1
file-mng.exe,1
file-pat.exe,1
file-pcx.exe,1
file-pdf-load.exe,1
file-pdf-save.exe,1
file-pix.exe,1
file-png.exe,1
file-pnm.exe,1
file-ps.exe,1
file-psd-load.exe,1
file-psd-save.exe,1
file-psp.exe,1
file-raw.exe,1
file-sgi.exe,1
file-sunras.exe,1
file-svg.exe,1
file-tga.exe,1
file-tiff-load.exe,1
file-tiff-save.exe,1
file-uri.exe,1
file-wmf.exe,1
file-xbm.exe,1
file-xpm.exe,1
file-xwd.exe,1
file.exe,1
FileZillaServer.exe,1
film.exe,1
filter-pack.exe,1
find.exe,1
findstr.exe,1
fixincl.exe,1
FixSqlRegistryKey_ia64.exe,1
FixSqlRegistryKey_x64.exe,1
FixSqlRegistryKey_x86.exe,1
flame.exe,1
FlickLearningWizard.exe,1
fodhelper.exe,1
fold.exe,1
FontCompiler.exe,1
FontNav.exe,1
forfiles.exe,1
fractal-explorer.exe,1
fractal-trace.exe,1
freebcp.exe,1
fsynonym.exe,1
ftp.exe,1
funzip.exe,1
fusagent.exe,1
FxCopCmd.exe,1
GarenaTalkOverlay.exe,1
gawk-3.1.7.exe,1
gawk.exe,1
gcc-ar.exe,1
gcc-nm.exe,1
gcc-ranlib.exe,1
gcov.exe,1
gdbserver.exe,1
gdbus.exe,1
genrb.exe,1
geod.exe,1
geotifcp.exe,1
gettext.exe,1
gif2h5.exe,1
gimpressionist.exe,1
gimptool-2.0.exe,1
gio-querymodules.exe,1
glib-compile-resources.exe,1
glib-compile-schemas.exe,1
glib-genmarshal.exe,1
glpsol.exe,1
gmake.exe,1
gnutls-cli-debug.exe,1
gnutls-cli.exe,1
gnutls-serv.exe,1
gobject-query.exe,1
GoogleUpdateBroker.exe,1
gpscript.exe,1
gpup.exe,1
gradient-flare.exe,1
gradient-map.exe,1
GraphCmd.exe,1
graywallsetup.exe,1
grep.exe,1
gresource.exe,1
grid.exe,1
Grim,Dawn.exe,1
grpconv.exe,1
grv_icons.exe,1
gsettings.exe,1
gsl-histogram.exe,1
gsl-randist.exe,1
gspawn-win64-helper-console.exe,1
gspawn-win64-helper.exe,1
gui-32.exe,1
gui-64.exe,1
guidgen.exe,1
guillotine.exe,1
gxxmsg.exe,1
gzip.exe,1
h52gif.exe,1
h5copy.exe,1
h5debug.exe,1
h5diff.exe,1
h5dump.exe,1
h5import.exe,1
h5jam.exe,1
h5ls.exe,1
h5mkgrp.exe,1
h5perf_serial.exe,1
h5repack.exe,1
h5repart.exe,1
h5stat.exe,1
h5unjam.exe,1
head.exe,1
help-browser.exe,1
help.exe,1
HelpLibAgent.exe,1
HelpLibManager.exe,1
hhc.exe,1
HlpViewer.exe,1
hostname.exe,1
hot.exe,1
httpd.exe,1
hwrcomp.exe,1
IAStorHelp.exe,1
IAStorIcon.exe,1
IAStorUI.exe,1
icacls.exe,1
iconv.exe,1
id.exe,1
idc.exe,1
ieinstal.exe,1
ielowutil.exe,1
ifs-compose.exe,1
iisexpress.exe,1
IisExpressAdminCmd.exe,1
iisexpresstray.exe,1
iissetup.exe,1
illusion.exe,1
imagemap.exe,1
ImagingDevices.exe,1
IMJPUEX.EXE,1
IMTCLNWZ.EXE,1
info.exe,1
INFOPATH.EXE,1
install.exe,1
InstallUtil.exe,1
install_supportsoftware.exe,1
IntelliTrace.exe,1
invgeod.exe,1
invproj.exe,1
ipconfig.exe,1
ISDeploymentWizard.exe,1
ISProjectWizard.exe,1
iwarp.exe,1
jabswitch.exe,1
java.exe,1
javacpl.exe,1
javaw.exe,1
javaws.exe,1
jigsaw.exe,1
join.exe,1
joticon.exe,1
jp2launcher.exe,1
jpatch.exe,1
jxbrowser-chromium.exe,1
klist.exe,1
ksetup.exe,1
LandingPage.exe,1
language.exe,1
LaunchWinApp.exe,1
lburg64.exe,1
lc.exe,1
lcclib64.exe,1
lccmake.exe,1
lcms.exe,1
lconvert.exe,1
ldifde.exe,1
LeagueClientUx.exe,1
LeagueClientUxRender.exe,1
lens-apply.exe,1
lens-distortion.exe,1
lens-flare.exe,1
less.exe,1
lesskey.exe,1
LEViewer.exe,1
lib.exe,1
LienMinhHuyenThoai.exe,1
lighting.exe,1
limits.exe,1
listgeo.exe,1
ln.exe,1
loader.exe,1
LocationNotificationWindows.exe,1
LockAppHost.exe,1
lodctr.exe,1
LogCollector.exe,1
logread.exe,1
LogTransport2.exe,1
LoLLCUVNLauncher.exe,1
LoLLCUVN_Full_Install_20170112.exe,1
lrelease.exe,1
ls.exe,1
lsass.exe,1
lupdate.exe,1
lyncicon.exe,1
mac2unix.exe,1
make.exe,1
makecat.exe,1
makehm.exe,1
MakeZipExe.exe,1
malias.exe,1
map-object.exe,1
MapCompiler.exe,1
MathWorks_Privileged_Operation.exe,1
MATLAB.exe,1
MATLABStartupAccelerator.exe,1
MATLABWindow.exe,1
max-rgb.exe,1
maze.exe,1
mbxmaint.exe,1
mbxmaint_ui.exe,1
md5sum.exe,1
mercury.exe,1
metadata.exe,1
mfbclient.exe,1
mfpmp.exe,1
mgmtclassgen.exe,1
Microsoft.Mashup.Container.exe,1
Microsoft.VisualStudio.Web.Host.exe,1
Microsoft.XslDebugger.Host.exe,1
migrate.exe,1
mip.exe,1
misc.exe,1
mkdir.exe,1
mkoctfile-4.2.1.exe,1
mkoctfile.exe,1
ml64.exe,1
ModelCompiler.exe,1
ModLauncherWPF.exe,1
mosaic.exe,1
MpCmdRun.exe,1
mpgo.exe,1
MpUXSrv.exe,1
MSASCui.exe,1
MSBuild.exe,1
MSchedExe.exe,1
msendto.exe,1
msiexec.exe,1
msinfo32.exe,1
msoev.exe,1
MSOHTMED.EXE,1
MSOICONS.EXE,1
MSOSYNC.EXE,1
msotd.exe,1
msouc.exe,1
MSOXMLED.EXE,1
mspdbsrv.exe,1
MSQRY32.EXE,1
MsSpellCheckingHost.exe,1
MSTest.exe,1
MSTORDB.EXE,1
MSTORE.EXE,1
mtm.exe,1
mtta.exe,1
MuiUnattend.exe,1
MultiDigiMon.exe,1
MusNotificationUx.exe,1
mv.exe,1
mwdot.exe,1
mwneato.exe,1
mwtwopi.exe,1
mw_4a.exe,1
mw_4a_update.exe,1
nad2bin.exe,1
NAMECONTROLSERVER.EXE,1
nccopy.exe,1
ncdump.exe,1
ncgen.exe,1
ncgen3.exe,1
NEInstX64.exe,1
net.exe,1
netcfg.exe,1
NetCfgNotifyObjectHost.exe,1
NetEvtFwdr.exe,1
netsh.exe,1
NETSTAT.EXE,1
newmail.exe,1
newsprint.exe,1
nfsadmin.exe,1
ngettext.exe,1
NisSrv.exe,1
nl-filter.exe,1
nmake.exe,1
noise-hsv.exe,1
noise-randomize.exe,1
noise-rgb.exe,1
noise-solid.exe,1
noise-spread.exe,1
notifu.exe,1
notifu64.exe,1
nova.exe,1
nslookup.exe,1
NvCameraConfiguration.exe,1
NvCameraEnable.exe,1
nvcontainer.exe,1
nvdebugdump.exe,1
NVDisplay.Container.exe,1
NVIDIA.SteamLauncher.exe,1
NvProfileUpdater64.exe,1
nvsmartmaxapp.exe,1
nvsmartmaxapp64.exe,1
nvsphelper64.exe,1
nvxdsync.exe,1
ocsptool.exe,1
octave-4.2.1.exe,1
octave-cli-4.2.1.exe,1
octave-cli.exe,1
octave-config-4.2.1.exe,1
octave-config.exe,1
octave-gui.exe,1
octave.exe,1
od.exe,1
odbcad32.exe,1
oilify.exe,1
OIS.EXE,1
oisicon.exe,1
OLCFG.EXE,1
oldfind.exe,1
omadmprc.exe,1
ONENOTE.EXE,1
ONENOTEM.EXE,1
oobeldr.exe,1
ooxmlConvert.exe,1
ooxmlConvertInstaller.exe,1
openssl.exe,1
OpenWith.exe,1
ORGCHART.EXE,1
OSQL.EXE,1
outicon.exe,1
pagecurl.exe,1
pango-view.exe,1
paste.exe,1
patch.exe,1
pcaui.exe,1
pconfig.exe,1
PdbDownloader.exe,1
PDIALOG.exe,1
PerfBoost.exe,1
perl.exe,1
perl5.24.0.exe,1
perl5.8.8.exe,1
perlglob.exe,1
pgawk-3.1.7.exe,1
pgawk.exe,1
pgocvt.exe,1
pgomgr.exe,1
pgosweep.exe,1
pg_config.exe,1
photocopy.exe,1
PhotoshopCS6Portable.exe,1
php-cgi.exe,1
php-win.exe,1
php.exe,1
phpdbg.exe,1
PickerHost.exe,1
pixelize.exe,1
pkg-config.exe,1
plasma.exe,1
plugin-browser.exe,1
pmgrant.exe,1
pmsort.exe,1
polar-coords.exe,1
POWERPNT.EXE,1
PreviewProcessingService.exe,1
print.exe,1
PrintBrmUi.exe,1
printf.exe,1
PrintWiz.exe,1
procedure-browser.exe,1
proj.exe,1
PropSchemaReg.exe,1
proquota.exe,1
provtool.exe,1
PSEditor.exe,1
PsiService_2.exe,1
psktool.exe,1
psql.exe,1
pstoedit.exe,1
pvk2pfx.exe,1
pwd.exe,1
pwlauncher.exe,1
pylupdate5.exe,1
python.exe,1
qbist.exe,1
qconvex.exe,1
qdbuscpp2xml.exe,1
qdbusviewer.exe,1
qdelaunay.exe,1
qhalf.exe,1
qhelpconverter.exe,1
qhull.exe,1
qmleasing.exe,1
qmlimportscanner.exe,1
qmllint.exe,1
qmlmin.exe,1
qmlplugindump.exe,1
qmlprofiler.exe,1
QTAgent.exe,1
QTAgent32.exe,1
QTAgent_40.exe,1
qvoronoi.exe,1
Rar.exe,1
rasphone.exe,1
RAVBg64.exe,1
rbox.exe,1
RdpSa.exe,1
rdrleakdiag.exe,1
RDSPnf.exe,1
readelf.exe,1
reader_sl.exe,1
red-eye-removal.exe,1
RegAsm.exe,1
regini.exe,1
relog.exe,1
Repair.exe,1
rescom.exe,1
ResGen.exe,1
resourcecompiler.exe,1
resourcecopy.exe,1
resourceinfo.exe,1
ripple.exe,1
rm.exe,1
rmdir.exe,1
rotate.exe,1
rotatelogs.exe,1
rpcinfo.exe,1
rrinstaller.exe,1
RSConfigTool.exe,1
RSKeyMgmt.exe,1
RSReportHost.exe,1
RtlUpd64.exe,1
rundll32.exe,1
RunLegacyCPLElevated.exe,1
runonce.exe,1
RuntimeBroker.exe,1
sample-colorize.exe,1
SCANPST.EXE,1
ScenarioEngine.exe,1
scrcons.exe,1
script-fu.exe,1
sdchange.exe,1
sdiff.exe,1
SecEdit.exe,1
sed.exe,1
selection-to-path.exe,1
SELFCERT.EXE,1
semi-flatten.exe,1
service.exe,1
session_helper.exe,1
SetEHCIKey.exe,1
SETLANG.EXE,1
setreg.exe,1
SettingSyncHost.exe,1
setup.exe,1
setup100.exe,1
SetupARP.exe,1
setx.exe,1
sfc.exe,1
sgen.exe,1
ShaderCompiler.exe,1
ShapeCollector.exe,1
sharpen.exe,1
ShellUninst.exe,1
shift.exe,1
shutdown.exe,1
sihost.exe,1
sinus.exe,1
sip.exe,1
SKYPESERVER.EXE,1
sleep.exe,1
sllauncher.exe,1
SmartScreenSettings.exe,1
smooth-palette.exe,1
softglow.exe,1
sort.exe,1
SourceServer.exe,1
sparkle.exe,1
sphere-designer.exe,1
split.exe,1
SPREADSHEETCOMPARE.EXE,1
spyxx.exe,1
spyxx_amd64.exe,1
SQLdiag.exe,1
SQLDumper.exe,1
SqlLocalDB.exe,1
SqlLogShip.exe,1
sqlmaint.exe,1
sqlmonitor.exe,1
SQLPS.exe,1
sqlservr.exe,1
sqlsqm.exe,1
sqlwriter.exe,1
SqlWtsn.exe,1
Squirrel.exe,1
srptool.exe,1
SrTasks.exe,1
SSBDiagnose.exe,1
SSISUpgrade.exe,1
ssi_standalone.exe,1
Ssms.exe,1
ssvagent.exe,1
StoreAdm.exe,1
StorePID.exe,1
storePwd.exe,1
stty.exe,1
svchost.exe,1
sxstrace.exe,1
sysprep.exe,1
systeminfo.exe,1
SystemPropertiesAdvanced.exe,1
SystemPropertiesComputerName.exe,1
SystemPropertiesDataExecutionPrevention.exe,1
SystemPropertiesHardware.exe,1
SystemPropertiesPerformance.exe,1
SystemResetOSUpdates.exe,1
t32.exe,1
T4VSHostProcess.exe,1
t64.exe,1
tabcal.exe,1
tablediff.exe,1
TabTip.exe,1
tail.exe,1
TailoredDeploy.exe,1
takeown.exe,1
tampertester.exe,1
tar.exe,1
TCM.exe,1
TDEnvCleanup.exe,1
tdspool.exe,1
TeamViewer_Note.exe,1
tee.exe,1
TeraCopyService.exe,1
test-geos.exe,1
TestAgentInstaller.exe,1
testcon.exe,1
TextTransform.exe,1
TextureCompiler.exe,1
TF.exe,1
TfsAdmin.exe,1
TFSBuild.exe,1
TFSDeleteProject.exe,1
TFSFieldMapping.exe,1
TFSLabConfig.exe,1
TFSSecurity.exe,1
threshold-alpha.exe,1
ThumbnailExtractionHost.exe,1
tile-glass.exe,1
tile-paper.exe,1
tile-seamless.exe,1
tile-small.exe,1
tile.exe,1
TlbExp.exe,1
toast.exe,1
tomcat7.exe,1
tomcat7w.exe,1
touch.exe,1
tr.exe,1
tracepdb.exe,1
true.exe,1
tsql.exe,1
TSTheme.exe,1
TSWbPrxy.exe,1
TsWpfWrp.exe,1
tv_w32.exe,1
tv_x64.exe,1
twain.exe,1
tzutil.exe,1
u2d.exe,1
uic.exe,1
uname.exe,1
undname.exe,1
unins000,(4).exe,1
unins000,(5).exe,1
unins000,(6).exe,1
unins000.exe,1
unins001.exe,1
unins002.exe,1
Uninstall.exe,1
Uninstester.exe,1
uniq.exe,1
unit-editor.exe,1
units.exe,1
unix2dos.exe,1
unix2mac.exe,1
unlodctr.exe,1
unpack200.exe,1
unsecapp.exe,1
unset.exe,1
unsharp-mask.exe,1
unzip.exe,1
unzipsfx.exe,1
Update.exe,1
UpdateManager.exe,1
UpgradeResultsUI.exe,1
upnpcont.exe,1
urlget.exe,1
urlproxy.exe,1
UserAccountBroker.exe,1
UserAccountControlSettings.exe,1
UserControlTestContainer.exe,1
usResourceCompiler.exe,1
value-invert.exe,1
value-propagate.exe,1
van-gogh-lic.exe,1
vcpkgsrv.exe,1
vcupgrade.exe,1
video.exe,1
VideoBrowser.exe,1
Viewer.exe,1
vixDiskMountServer.exe,1
vlc-cache-gen.exe,1
vlc.exe,1
VMnetDHCP.exe,1
vmplayer.exe,1
vmrun.exe,1
vmUpdateLauncher.exe,1
vmware-kvm.exe,1
vmware-tray.exe,1
vmware-unity-helper.exe,1
vmware-vdiskmanager.exe,1
vmware.exe,1
VMwareToolsUpgrader.exe,1
VMwareToolsUpgrader9x.exe,1
VMwareToolsUpgraderNT.exe,1
vncutil64.exe,1
vnetstats.exe,1
vpcf_to_kv3.exe,1
VsDebugLaunchNotify.exe,1
vsdiagview.exe,1
vshost.exe,1
VSIXInstaller.exe,1
vslsHost.exe,1
VSPerfASPNetCmd.exe,1
VSPerfCmd.exe,1
VSPerfMon.exe,1
VSPerfReport.exe,1
VSPerfSrv.exe,1
vssphost4.exe,1
vsstrace.exe,1
vstest.console.exe,1
vstest.discoveryengine.x86.exe,1
vstest.executionengine.appcontainer.exe,1
vstest.executionengine.appcontainer.x86.exe,1
vstest.executionengine.clr20.exe,1
VSTestConfig.exe,1
VSTestVideoRecorder.exe,1
VSTOInstaller.exe,1
VSTST-FileConverter.exe,1
w32.exe,1
w32tm.exe,1
w64.exe,1
wabmig.exe,1
waitfor.exe,1
warp.exe,1
waves.exe,1
WavesSvc64.exe,1
WavesSysSvc64.exe,1
wc.exe,1
WCA.exe,1
WcfSvcHost.exe,1
WcfTestClient.exe,1
web-browser.exe,1
web-page.exe,1
WebpiCmd-x64.exe,1
WebpiCmd.exe,1
WebPlatformInstaller.exe,1
WFC.exe,1
wget.exe,1
where.exe,1
whirl-pinch.exe,1
whoami.exe,1
wiawow64.exe,1
win-snap.exe,1
win7appid.exe,1
wind.exe,1
WindowsActionDialog.exe,1
wininst-6.0.exe,1
wininst-9.0-amd64.exe,1
wininst-9.0.exe,1
WinMgmt.exe,1
WinRAR.exe,1
winrs.exe,1
winver.exe,1
WINWORD.EXE,1
witadmin.exe,1
wlanext.exe,1
wmpconfig.exe,1
wmplayer.exe,1
wmpnetwk.exe,1
wmpnscfg.exe,1
wmprph.exe,1
wmpshare.exe,1
WORDICON.EXE,1
WorkflowDebugHost.exe,1
wpmmapi.exe,1
wsendto.exe,1
WSReset.exe,1
wssetup.exe,1
wstracedump.exe,1
